file,line,type,commit,author,date,time,timezone,datetime,depth,length
styles.css,1,css,5f1cc007,Darief Maes,2025-04-11,17:25:50,-07:00,2025-04-11T17:25:50-07:00,0,6
styles.css,2,css,5f1cc007,Darief Maes,2025-04-11,17:25:50,-07:00,2025-04-11T17:25:50-07:00,0,45
styles.css,3,css,225051d9,Darief Maes,2025-04-18,18:19:18,-07:00,2025-04-18T18:19:18-07:00,0,40
styles.css,4,css,225051d9,Darief Maes,2025-04-18,18:19:18,-07:00,2025-04-18T18:19:18-07:00,0,0
styles.css,5,css,225051d9,Darief Maes,2025-04-18,18:19:18,-07:00,2025-04-18T18:19:18-07:00,0,0
styles.css,6,css,225051d9,Darief Maes,2025-04-18,18:19:18,-07:00,2025-04-18T18:19:18-07:00,0,5
styles.css,7,css,225051d9,Darief Maes,2025-04-18,18:19:18,-07:00,2025-04-18T18:19:18-07:00,0,24
styles.css,8,css,5f1cc007,Darief Maes,2025-04-11,17:25:50,-07:00,2025-04-11T17:25:50-07:00,0,0
styles.css,9,css,5f1cc007,Darief Maes,2025-04-11,17:25:50,-07:00,2025-04-11T17:25:50-07:00,0,0
styles.css,10,css,5f1cc007,Darief Maes,2025-04-11,17:25:50,-07:00,2025-04-11T17:25:50-07:00,0,5
styles.css,11,css,5f1cc007,Darief Maes,2025-04-11,17:25:50,-07:00,2025-04-11T17:25:50-07:00,0,24
styles.css,12,css,5f1cc007,Darief Maes,2025-04-11,17:25:50,-07:00,2025-04-11T17:25:50-07:00,0,16
styles.css,13,css,5f1cc007,Darief Maes,2025-04-11,17:25:50,-07:00,2025-04-11T17:25:50-07:00,0,13
styles.css,14,css,5f1cc007,Darief Maes,2025-04-11,17:25:50,-07:00,2025-04-11T17:25:50-07:00,0,19
styles.css,15,css,5f1cc007,Darief Maes,2025-04-11,17:25:50,-07:00,2025-04-11T17:25:50-07:00,0,0
styles.css,16,css,5f1cc007,Darief Maes,2025-04-11,17:25:50,-07:00,2025-04-11T17:25:50-07:00,0,0
styles.css,17,css,5f1cc007,Darief Maes,2025-04-11,17:25:50,-07:00,2025-04-11T17:25:50-07:00,0,4
styles.css,18,css,5f1cc007,Darief Maes,2025-04-11,17:25:50,-07:00,2025-04-11T17:25:50-07:00,0,13
styles.css,19,css,5f1cc007,Darief Maes,2025-04-11,17:25:50,-07:00,2025-04-11T17:25:50-07:00,0,19
styles.css,20,css,5f1cc007,Darief Maes,2025-04-11,17:25:50,-07:00,2025-04-11T17:25:50-07:00,0,24
styles.css,21,css,5f1cc007,Darief Maes,2025-04-11,17:25:50,-07:00,2025-04-11T17:25:50-07:00,0,26
styles.css,22,css,225051d9,Darief Maes,2025-04-18,18:19:18,-07:00,2025-04-18T18:19:18-07:00,0,40
styles.css,23,css,5f1cc007,Darief Maes,2025-04-11,17:25:50,-07:00,2025-04-11T17:25:50-07:00,0,0
styles.css,24,css,5f1cc007,Darief Maes,2025-04-11,17:25:50,-07:00,2025-04-11T17:25:50-07:00,0,0
styles.css,25,css,5f1cc007,Darief Maes,2025-04-11,17:25:50,-07:00,2025-04-11T17:25:50-07:00,0,3
styles.css,26,css,5f1cc007,Darief Maes,2025-04-11,17:25:50,-07:00,2025-04-11T17:25:50-07:00,0,17
styles.css,27,css,5f1cc007,Darief Maes,2025-04-11,17:25:50,-07:00,2025-04-11T17:25:50-07:00,0,0
styles.css,28,css,5f1cc007,Darief Maes,2025-04-11,17:25:50,-07:00,2025-04-11T17:25:50-07:00,0,0
styles.css,29,css,5f1cc007,Darief Maes,2025-04-11,17:25:50,-07:00,2025-04-11T17:25:50-07:00,0,6
styles.css,30,css,5f1cc007,Darief Maes,2025-04-11,17:25:50,-07:00,2025-04-11T17:25:50-07:00,0,17
styles.css,31,css,5f1cc007,Darief Maes,2025-04-11,17:25:50,-07:00,2025-04-11T17:25:50-07:00,0,0
styles.css,32,css,5f1cc007,Darief Maes,2025-04-11,17:25:50,-07:00,2025-04-11T17:25:50-07:00,0,0
styles.css,33,css,5f1cc007,Darief Maes,2025-04-11,17:25:50,-07:00,2025-04-11T17:25:50-07:00,0,6
styles.css,34,css,5f1cc007,Darief Maes,2025-04-11,17:25:50,-07:00,2025-04-11T17:25:50-07:00,0,7
styles.css,35,css,5f1cc007,Darief Maes,2025-04-11,17:25:50,-07:00,2025-04-11T17:25:50-07:00,0,18
styles.css,36,css,5f1cc007,Darief Maes,2025-04-11,17:25:50,-07:00,2025-04-11T17:25:50-07:00,0,21
styles.css,37,css,5f1cc007,Darief Maes,2025-04-11,17:25:50,-07:00,2025-04-11T17:25:50-07:00,0,14
styles.css,38,css,5f1cc007,Darief Maes,2025-04-11,17:25:50,-07:00,2025-04-11T17:25:50-07:00,0,14
styles.css,39,css,5f1cc007,Darief Maes,2025-04-11,17:25:50,-07:00,2025-04-11T17:25:50-07:00,0,16
styles.css,40,css,5f1cc007,Darief Maes,2025-04-11,17:25:50,-07:00,2025-04-11T17:25:50-07:00,0,0
styles.css,41,css,5f1cc007,Darief Maes,2025-04-11,17:25:50,-07:00,2025-04-11T17:25:50-07:00,0,0
styles.css,42,css,5f1cc007,Darief Maes,2025-04-11,17:25:50,-07:00,2025-04-11T17:25:50-07:00,0,9
styles.css,43,css,5f1cc007,Darief Maes,2025-04-11,17:25:50,-07:00,2025-04-11T17:25:50-07:00,0,44
styles.css,44,css,5f1cc007,Darief Maes,2025-04-11,17:25:50,-07:00,2025-04-11T17:25:50-07:00,0,17
styles.css,45,css,5f1cc007,Darief Maes,2025-04-11,17:25:50,-07:00,2025-04-11T17:25:50-07:00,0,0
styles.css,46,css,5f1cc007,Darief Maes,2025-04-11,17:25:50,-07:00,2025-04-11T17:25:50-07:00,0,0
styles.css,47,css,225051d9,Darief Maes,2025-04-18,18:19:18,-07:00,2025-04-18T18:19:18-07:00,0,12
styles.css,48,css,5f1cc007,Darief Maes,2025-04-11,17:25:50,-07:00,2025-04-11T17:25:50-07:00,0,26
styles.css,49,css,5f1cc007,Darief Maes,2025-04-11,17:25:50,-07:00,2025-04-11T17:25:50-07:00,0,26
styles.css,50,css,225051d9,Darief Maes,2025-04-18,18:19:18,-07:00,2025-04-18T18:19:18-07:00,0,40
styles.css,51,css,225051d9,Darief Maes,2025-04-18,18:19:18,-07:00,2025-04-18T18:19:18-07:00,0,70
styles.css,52,css,5f1cc007,Darief Maes,2025-04-11,17:25:50,-07:00,2025-04-11T17:25:50-07:00,0,0
styles.css,53,css,5f1cc007,Darief Maes,2025-04-11,17:25:50,-07:00,2025-04-11T17:25:50-07:00,0,0
styles.css,54,css,5f1cc007,Darief Maes,2025-04-11,17:25:50,-07:00,2025-04-11T17:25:50-07:00,0,5
styles.css,55,css,5f1cc007,Darief Maes,2025-04-11,17:25:50,-07:00,2025-04-11T17:25:50-07:00,0,13
styles.css,56,css,5f1cc007,Darief Maes,2025-04-11,17:25:50,-07:00,2025-04-11T17:25:50-07:00,0,31
styles.css,57,css,5f1cc007,Darief Maes,2025-04-11,17:25:50,-07:00,2025-04-11T17:25:50-07:00,0,8
styles.css,58,css,5f1cc007,Darief Maes,2025-04-11,17:25:50,-07:00,2025-04-11T17:25:50-07:00,0,0
styles.css,59,css,5f1cc007,Darief Maes,2025-04-11,17:25:50,-07:00,2025-04-11T17:25:50-07:00,0,0
styles.css,60,css,c72828e1,Darief Maes,2025-04-11,17:34:57,-07:00,2025-04-11T17:34:57-07:00,0,10
styles.css,61,css,c72828e1,Darief Maes,2025-04-11,17:34:57,-07:00,2025-04-11T17:34:57-07:00,0,9
styles.css,62,css,c72828e1,Darief Maes,2025-04-11,17:34:57,-07:00,2025-04-11T17:34:57-07:00,0,36
styles.css,63,css,c72828e1,Darief Maes,2025-04-11,17:34:57,-07:00,2025-04-11T17:34:57-07:00,0,18
styles.css,64,css,c72828e1,Darief Maes,2025-04-11,17:34:57,-07:00,2025-04-11T17:34:57-07:00,0,36
styles.css,65,css,c72828e1,Darief Maes,2025-04-11,17:34:57,-07:00,2025-04-11T17:34:57-07:00,0,0
styles.css,66,css,c72828e1,Darief Maes,2025-04-11,17:34:57,-07:00,2025-04-11T17:34:57-07:00,0,0
styles.css,67,css,c72828e1,Darief Maes,2025-04-11,17:34:57,-07:00,2025-04-11T17:34:57-07:00,0,16
styles.css,68,css,c72828e1,Darief Maes,2025-04-11,17:34:57,-07:00,2025-04-11T17:34:57-07:00,0,15
styles.css,69,css,c72828e1,Darief Maes,2025-04-11,17:34:57,-07:00,2025-04-11T17:34:57-07:00,0,30
styles.css,70,css,c72828e1,Darief Maes,2025-04-11,17:34:57,-07:00,2025-04-11T17:34:57-07:00,0,13
styles.css,71,css,c72828e1,Darief Maes,2025-04-11,17:34:57,-07:00,2025-04-11T17:34:57-07:00,0,0
styles.css,72,css,c72828e1,Darief Maes,2025-04-11,17:34:57,-07:00,2025-04-11T17:34:57-07:00,0,0
styles.css,73,css,5f1cc007,Darief Maes,2025-04-11,17:25:50,-07:00,2025-04-11T17:25:50-07:00,0,11
styles.css,74,css,5f1cc007,Darief Maes,2025-04-11,17:25:50,-07:00,2025-04-11T17:25:50-07:00,0,13
styles.css,75,css,5f1cc007,Darief Maes,2025-04-11,17:25:50,-07:00,2025-04-11T17:25:50-07:00,0,30
styles.css,76,css,5f1cc007,Darief Maes,2025-04-11,17:25:50,-07:00,2025-04-11T17:25:50-07:00,0,17
styles.css,77,css,5f1cc007,Darief Maes,2025-04-11,17:25:50,-07:00,2025-04-11T17:25:50-07:00,0,0
styles.css,78,css,5f1cc007,Darief Maes,2025-04-11,17:25:50,-07:00,2025-04-11T17:25:50-07:00,0,0
styles.css,79,css,5f1cc007,Darief Maes,2025-04-11,17:25:50,-07:00,2025-04-11T17:25:50-07:00,0,12
styles.css,80,css,5f1cc007,Darief Maes,2025-04-11,17:25:50,-07:00,2025-04-11T17:25:50-07:00,0,17
styles.css,81,css,c72828e1,Darief Maes,2025-04-11,17:34:57,-07:00,2025-04-11T17:34:57-07:00,0,15
styles.css,82,css,c72828e1,Darief Maes,2025-04-11,17:34:57,-07:00,2025-04-11T17:34:57-07:00,0,37
styles.css,83,css,c72828e1,Darief Maes,2025-04-11,17:34:57,-07:00,2025-04-11T17:34:57-07:00,0,12
styles.css,84,css,c72828e1,Darief Maes,2025-04-11,17:34:57,-07:00,2025-04-11T17:34:57-07:00,0,19
styles.css,85,css,c72828e1,Darief Maes,2025-04-11,17:34:57,-07:00,2025-04-11T17:34:57-07:00,0,12
styles.css,86,css,5f1cc007,Darief Maes,2025-04-11,17:25:50,-07:00,2025-04-11T17:25:50-07:00,0,0
styles.css,87,css,5f1cc007,Darief Maes,2025-04-11,17:25:50,-07:00,2025-04-11T17:25:50-07:00,0,0
styles.css,88,css,7b51f5db,Darief Maes,2025-04-18,22:53:21,-07:00,2025-04-18T22:53:21-07:00,0,36
styles.css,89,css,893970c1,Darief Maes,2025-04-18,23:02:55,-07:00,2025-04-18T23:02:55-07:00,0,10
styles.css,90,css,893970c1,Darief Maes,2025-04-18,23:02:55,-07:00,2025-04-18T23:02:55-07:00,0,14
styles.css,91,css,7b51f5db,Darief Maes,2025-04-18,22:53:21,-07:00,2025-04-18T22:53:21-07:00,0,12
styles.css,92,css,7b51f5db,Darief Maes,2025-04-18,22:53:21,-07:00,2025-04-18T22:53:21-07:00,0,0
styles.css,93,css,7b51f5db,Darief Maes,2025-04-18,22:53:21,-07:00,2025-04-18T22:53:21-07:00,0,0
styles.css,94,css,7b51f5db,Darief Maes,2025-04-18,22:53:21,-07:00,2025-04-18T22:53:21-07:00,0,0
styles.css,95,css,5f1cc007,Darief Maes,2025-04-11,17:25:50,-07:00,2025-04-11T17:25:50-07:00,0,10
styles.css,96,css,5f1cc007,Darief Maes,2025-04-11,17:25:50,-07:00,2025-04-11T17:25:50-07:00,0,13
styles.css,97,css,5f1cc007,Darief Maes,2025-04-11,17:25:50,-07:00,2025-04-11T17:25:50-07:00,0,59
styles.css,98,css,5f1cc007,Darief Maes,2025-04-11,17:25:50,-07:00,2025-04-11T17:25:50-07:00,0,8
styles.css,99,css,5f1cc007,Darief Maes,2025-04-11,17:25:50,-07:00,2025-04-11T17:25:50-07:00,0,0
styles.css,100,css,5f1cc007,Darief Maes,2025-04-11,17:25:50,-07:00,2025-04-11T17:25:50-07:00,0,0
styles.css,101,css,5f1cc007,Darief Maes,2025-04-11,17:25:50,-07:00,2025-04-11T17:25:50-07:00,0,18
styles.css,102,css,5f1cc007,Darief Maes,2025-04-11,17:25:50,-07:00,2025-04-11T17:25:50-07:00,0,13
styles.css,103,css,5f1cc007,Darief Maes,2025-04-11,17:25:50,-07:00,2025-04-11T17:25:50-07:00,0,27
styles.css,104,css,5f1cc007,Darief Maes,2025-04-11,17:25:50,-07:00,2025-04-11T17:25:50-07:00,0,16
styles.css,105,css,5f1cc007,Darief Maes,2025-04-11,17:25:50,-07:00,2025-04-11T17:25:50-07:00,0,0
styles.css,106,css,5f1cc007,Darief Maes,2025-04-11,17:25:50,-07:00,2025-04-11T17:25:50-07:00,0,0
styles.css,107,css,5f1cc007,Darief Maes,2025-04-11,17:25:50,-07:00,2025-04-11T17:25:50-07:00,0,21
styles.css,108,css,5f1cc007,Darief Maes,2025-04-11,17:25:50,-07:00,2025-04-11T17:25:50-07:00,0,9
styles.css,109,css,5f1cc007,Darief Maes,2025-04-11,17:25:50,-07:00,2025-04-11T17:25:50-07:00,0,0
styles.css,110,css,5f1cc007,Darief Maes,2025-04-11,17:25:50,-07:00,2025-04-11T17:25:50-07:00,0,0
styles.css,111,css,5f1cc007,Darief Maes,2025-04-11,17:25:50,-07:00,2025-04-11T17:25:50-07:00,0,3
styles.css,112,css,5f1cc007,Darief Maes,2025-04-11,17:25:50,-07:00,2025-04-11T17:25:50-07:00,0,15
styles.css,113,css,5f1cc007,Darief Maes,2025-04-11,17:25:50,-07:00,2025-04-11T17:25:50-07:00,0,0
styles.css,114,css,5f1cc007,Darief Maes,2025-04-11,17:25:50,-07:00,2025-04-11T17:25:50-07:00,0,0
styles.css,115,css,5f1cc007,Darief Maes,2025-04-11,17:25:50,-07:00,2025-04-11T17:25:50-07:00,0,2
styles.css,116,css,5f1cc007,Darief Maes,2025-04-11,17:25:50,-07:00,2025-04-11T17:25:50-07:00,0,2
styles.css,117,css,5f1cc007,Darief Maes,2025-04-11,17:25:50,-07:00,2025-04-11T17:25:50-07:00,0,2
styles.css,118,css,5f1cc007,Darief Maes,2025-04-11,17:25:50,-07:00,2025-04-11T17:25:50-07:00,0,2
styles.css,119,css,5f1cc007,Darief Maes,2025-04-11,17:25:50,-07:00,2025-04-11T17:25:50-07:00,0,2
styles.css,120,css,5f1cc007,Darief Maes,2025-04-11,17:25:50,-07:00,2025-04-11T17:25:50-07:00,0,3
styles.css,121,css,5f1cc007,Darief Maes,2025-04-11,17:25:50,-07:00,2025-04-11T17:25:50-07:00,0,16
styles.css,122,css,5f1cc007,Darief Maes,2025-04-11,17:25:50,-07:00,2025-04-11T17:25:50-07:00,0,18
styles.css,123,css,5f1cc007,Darief Maes,2025-04-11,17:25:50,-07:00,2025-04-11T17:25:50-07:00,0,0
styles.css,124,css,5f1cc007,Darief Maes,2025-04-11,17:25:50,-07:00,2025-04-11T17:25:50-07:00,0,0
styles.css,125,css,5f1cc007,Darief Maes,2025-04-11,17:25:50,-07:00,2025-04-11T17:25:50-07:00,0,8
styles.css,126,css,5f1cc007,Darief Maes,2025-04-11,17:25:50,-07:00,2025-04-11T17:25:50-07:00,0,18
styles.css,127,css,5f1cc007,Darief Maes,2025-04-11,17:25:50,-07:00,2025-04-11T17:25:50-07:00,0,0
styles.css,128,css,5f1cc007,Darief Maes,2025-04-11,17:25:50,-07:00,2025-04-11T17:25:50-07:00,0,0
styles.css,129,css,5f1cc007,Darief Maes,2025-04-11,17:25:50,-07:00,2025-04-11T17:25:50-07:00,0,11
styles.css,130,css,5f1cc007,Darief Maes,2025-04-11,17:25:50,-07:00,2025-04-11T17:25:50-07:00,0,18
styles.css,131,css,5f1cc007,Darief Maes,2025-04-11,17:25:50,-07:00,2025-04-11T17:25:50-07:00,0,18
styles.css,132,css,5f1cc007,Darief Maes,2025-04-11,17:25:50,-07:00,2025-04-11T17:25:50-07:00,0,0
styles.css,133,css,5f1cc007,Darief Maes,2025-04-11,17:25:50,-07:00,2025-04-11T17:25:50-07:00,0,0
styles.css,134,css,5f1cc007,Darief Maes,2025-04-11,17:25:50,-07:00,2025-04-11T17:25:50-07:00,0,19
styles.css,135,css,5f1cc007,Darief Maes,2025-04-11,17:25:50,-07:00,2025-04-11T17:25:50-07:00,0,13
styles.css,136,css,5f1cc007,Darief Maes,2025-04-11,17:25:50,-07:00,2025-04-11T17:25:50-07:00,0,10
styles.css,137,css,5f1cc007,Darief Maes,2025-04-11,17:25:50,-07:00,2025-04-11T17:25:50-07:00,0,17
styles.css,138,css,5f1cc007,Darief Maes,2025-04-11,17:25:50,-07:00,2025-04-11T17:25:50-07:00,0,18
styles.css,139,css,5f1cc007,Darief Maes,2025-04-11,17:25:50,-07:00,2025-04-11T17:25:50-07:00,0,0
styles.css,140,css,5f1cc007,Darief Maes,2025-04-11,17:25:50,-07:00,2025-04-11T17:25:50-07:00,0,0
styles.css,141,css,5f1cc007,Darief Maes,2025-04-11,17:25:50,-07:00,2025-04-11T17:25:50-07:00,0,5
styles.css,142,css,5f1cc007,Darief Maes,2025-04-11,17:25:50,-07:00,2025-04-11T17:25:50-07:00,0,16
styles.css,143,css,5f1cc007,Darief Maes,2025-04-11,17:25:50,-07:00,2025-04-11T17:25:50-07:00,0,25
styles.css,144,css,5f1cc007,Darief Maes,2025-04-11,17:25:50,-07:00,2025-04-11T17:25:50-07:00,0,0
styles.css,145,css,8e35f8b8,Darief Maes,2025-04-11,17:44:17,-07:00,2025-04-11T17:44:17-07:00,0,0
styles.css,146,css,8e35f8b8,Darief Maes,2025-04-11,17:44:17,-07:00,2025-04-11T17:44:17-07:00,0,15
styles.css,147,css,8e35f8b8,Darief Maes,2025-04-11,17:44:17,-07:00,2025-04-11T17:44:17-07:00,0,12
styles.css,148,css,8e35f8b8,Darief Maes,2025-04-11,17:44:17,-07:00,2025-04-11T17:44:17-07:00,0,18
styles.css,149,css,8e35f8b8,Darief Maes,2025-04-11,17:44:17,-07:00,2025-04-11T17:44:17-07:00,0,0
styles.css,150,css,8e35f8b8,Darief Maes,2025-04-11,17:44:17,-07:00,2025-04-11T17:44:17-07:00,0,0
styles.css,151,css,8e35f8b8,Darief Maes,2025-04-11,17:44:17,-07:00,2025-04-11T17:44:17-07:00,0,20
styles.css,152,css,8e35f8b8,Darief Maes,2025-04-11,17:44:17,-07:00,2025-04-11T17:44:17-07:00,0,13
styles.css,153,css,8e35f8b8,Darief Maes,2025-04-11,17:44:17,-07:00,2025-04-11T17:44:17-07:00,0,19
styles.css,154,css,8e35f8b8,Darief Maes,2025-04-11,17:44:17,-07:00,2025-04-11T17:44:17-07:00,0,30
styles.css,155,css,8e35f8b8,Darief Maes,2025-04-11,17:44:17,-07:00,2025-04-11T17:44:17-07:00,0,0
styles.css,156,css,225051d9,Darief Maes,2025-04-18,18:19:18,-07:00,2025-04-18T18:19:18-07:00,0,0
styles.css,157,css,225051d9,Darief Maes,2025-04-18,18:19:18,-07:00,2025-04-18T18:19:18-07:00,0,14
styles.css,158,css,225051d9,Darief Maes,2025-04-18,18:19:18,-07:00,2025-04-18T18:19:18-07:00,0,18
styles.css,159,css,225051d9,Darief Maes,2025-04-18,18:19:18,-07:00,2025-04-18T18:19:18-07:00,0,9
styles.css,160,css,225051d9,Darief Maes,2025-04-18,18:19:18,-07:00,2025-04-18T18:19:18-07:00,0,11
styles.css,161,css,225051d9,Darief Maes,2025-04-18,18:19:18,-07:00,2025-04-18T18:19:18-07:00,0,14
styles.css,162,css,225051d9,Darief Maes,2025-04-18,18:19:18,-07:00,2025-04-18T18:19:18-07:00,0,20
styles.css,163,css,225051d9,Darief Maes,2025-04-18,18:19:18,-07:00,2025-04-18T18:19:18-07:00,0,0
styles.css,164,css,4dc96153,Darief Maes,2025-04-25,23:17:41,-07:00,2025-04-25T23:17:41-07:00,0,0
styles.css,165,css,4dc96153,Darief Maes,2025-04-25,23:17:41,-07:00,2025-04-25T23:17:41-07:00,0,3
styles.css,166,css,4dc96153,Darief Maes,2025-04-25,23:17:41,-07:00,2025-04-25T23:17:41-07:00,0,13
styles.css,167,css,4dc96153,Darief Maes,2025-04-25,23:17:41,-07:00,2025-04-25T23:17:41-07:00,0,37
styles.css,168,css,4dc96153,Darief Maes,2025-04-25,23:17:41,-07:00,2025-04-25T23:17:41-07:00,0,0
styles.css,169,css,4dc96153,Darief Maes,2025-04-25,23:17:41,-07:00,2025-04-25T23:17:41-07:00,0,0
styles.css,170,css,4dc96153,Darief Maes,2025-04-25,23:17:41,-07:00,2025-04-25T23:17:41-07:00,0,3
styles.css,171,css,4dc96153,Darief Maes,2025-04-25,23:17:41,-07:00,2025-04-25T23:17:41-07:00,0,11
styles.css,172,css,4dc96153,Darief Maes,2025-04-25,23:17:41,-07:00,2025-04-25T23:17:41-07:00,0,16
styles.css,173,css,4dc96153,Darief Maes,2025-04-25,23:17:41,-07:00,2025-04-25T23:17:41-07:00,0,0
styles.css,174,css,4dc96153,Darief Maes,2025-04-25,23:17:41,-07:00,2025-04-25T23:17:41-07:00,0,0
styles.css,175,css,4dc96153,Darief Maes,2025-04-25,23:17:41,-07:00,2025-04-25T23:17:41-07:00,0,3
styles.css,176,css,4dc96153,Darief Maes,2025-04-25,23:17:41,-07:00,2025-04-25T23:17:41-07:00,0,11
styles.css,177,css,4dc96153,Darief Maes,2025-04-25,23:17:41,-07:00,2025-04-25T23:17:41-07:00,0,16
styles.css,178,css,4dc96153,Darief Maes,2025-04-25,23:17:41,-07:00,2025-04-25T23:17:41-07:00,0,0
styles.css,179,css,5f6787a6,Darief Maes,2025-05-03,17:45:05,+02:00,2025-05-03T17:45:05+02:00,0,0
styles.css,180,css,5f6787a6,Darief Maes,2025-05-03,17:45:05,+02:00,2025-05-03T17:45:05+02:00,0,19
styles.css,181,css,5f6787a6,Darief Maes,2025-05-03,17:45:05,+02:00,2025-05-03T17:45:05+02:00,0,15
styles.css,182,css,5f6787a6,Darief Maes,2025-05-03,17:45:05,+02:00,2025-05-03T17:45:05+02:00,0,17
styles.css,183,css,5f6787a6,Darief Maes,2025-05-03,17:45:05,+02:00,2025-05-03T17:45:05+02:00,0,0
styles.css,184,css,5f6787a6,Darief Maes,2025-05-03,17:45:05,+02:00,2025-05-03T17:45:05+02:00,0,0
styles.css,185,css,5f6787a6,Darief Maes,2025-05-03,17:45:05,+02:00,2025-05-03T17:45:05+02:00,0,8
styles.css,186,css,5f6787a6,Darief Maes,2025-05-03,17:45:05,+02:00,2025-05-03T17:45:05+02:00,0,13
styles.css,187,css,5f6787a6,Darief Maes,2025-05-03,17:45:05,+02:00,2025-05-03T17:45:05+02:00,0,58
styles.css,188,css,5f6787a6,Darief Maes,2025-05-03,17:45:05,+02:00,2025-05-03T17:45:05+02:00,0,37
styles.css,189,css,5f6787a6,Darief Maes,2025-05-03,17:45:05,+02:00,2025-05-03T17:45:05+02:00,0,12
styles.css,190,css,5f6787a6,Darief Maes,2025-05-03,17:45:05,+02:00,2025-05-03T17:45:05+02:00,0,19
styles.css,191,css,5f6787a6,Darief Maes,2025-05-03,17:45:05,+02:00,2025-05-03T17:45:05+02:00,0,7
styles.css,192,css,5f6787a6,Darief Maes,2025-05-03,17:45:05,+02:00,2025-05-03T17:45:05+02:00,0,0
styles.css,193,css,5f6787a6,Darief Maes,2025-05-03,17:45:05,+02:00,2025-05-03T17:45:05+02:00,0,0
styles.css,194,css,5f6787a6,Darief Maes,2025-05-03,17:45:05,+02:00,2025-05-03T17:45:05+02:00,0,13
styles.css,195,css,5f6787a6,Darief Maes,2025-05-03,17:45:05,+02:00,2025-05-03T17:45:05+02:00,0,13
styles.css,196,css,5f6787a6,Darief Maes,2025-05-03,17:45:05,+02:00,2025-05-03T17:45:05+02:00,0,10
styles.css,197,css,5f6787a6,Darief Maes,2025-05-03,17:45:05,+02:00,2025-05-03T17:45:05+02:00,0,19
styles.css,198,css,5f6787a6,Darief Maes,2025-05-03,17:45:05,+02:00,2025-05-03T17:45:05+02:00,0,0
styles.css,199,css,5f6787a6,Darief Maes,2025-05-03,17:45:05,+02:00,2025-05-03T17:45:05+02:00,0,0
styles.css,200,css,5f6787a6,Darief Maes,2025-05-03,17:45:05,+02:00,2025-05-03T17:45:05+02:00,0,13
styles.css,201,css,5f6787a6,Darief Maes,2025-05-03,17:45:05,+02:00,2025-05-03T17:45:05+02:00,0,11
styles.css,202,css,5f6787a6,Darief Maes,2025-05-03,17:45:05,+02:00,2025-05-03T17:45:05+02:00,0,12
styles.css,203,css,5f6787a6,Darief Maes,2025-05-03,17:45:05,+02:00,2025-05-03T17:45:05+02:00,0,21
styles.css,204,css,5f6787a6,Darief Maes,2025-05-03,17:45:05,+02:00,2025-05-03T17:45:05+02:00,0,17
styles.css,205,css,5f6787a6,Darief Maes,2025-05-03,17:45:05,+02:00,2025-05-03T17:45:05+02:00,0,30
styles.css,206,css,5f6787a6,Darief Maes,2025-05-03,17:45:05,+02:00,2025-05-03T17:45:05+02:00,0,18
styles.css,207,css,5f6787a6,Darief Maes,2025-05-03,17:45:05,+02:00,2025-05-03T17:45:05+02:00,0,0
styles.css,208,css,5f6787a6,Darief Maes,2025-05-03,17:45:05,+02:00,2025-05-03T17:45:05+02:00,0,0
styles.css,209,css,5f6787a6,Darief Maes,2025-05-03,17:45:05,+02:00,2025-05-03T17:45:05+02:00,0,11
styles.css,210,css,5f6787a6,Darief Maes,2025-05-03,17:45:05,+02:00,2025-05-03T17:45:05+02:00,0,13
styles.css,211,css,5f6787a6,Darief Maes,2025-05-03,17:45:05,+02:00,2025-05-03T17:45:05+02:00,0,19
styles.css,212,css,5f6787a6,Darief Maes,2025-05-03,17:45:05,+02:00,2025-05-03T17:45:05+02:00,0,8
styles.css,213,css,5f6787a6,Darief Maes,2025-05-03,17:45:05,+02:00,2025-05-03T17:45:05+02:00,0,0
styles.css,214,css,5f6787a6,Darief Maes,2025-05-03,17:45:05,+02:00,2025-05-03T17:45:05+02:00,0,0
styles.css,215,css,5f6787a6,Darief Maes,2025-05-03,17:45:05,+02:00,2025-05-03T17:45:05+02:00,0,18
styles.css,216,css,5f6787a6,Darief Maes,2025-05-03,17:45:05,+02:00,2025-05-03T17:45:05+02:00,0,17
styles.css,217,css,5f6787a6,Darief Maes,2025-05-03,17:45:05,+02:00,2025-05-03T17:45:05+02:00,0,12
styles.css,218,css,5f6787a6,Darief Maes,2025-05-03,17:45:05,+02:00,2025-05-03T17:45:05+02:00,0,0
styles.css,219,css,5f6787a6,Darief Maes,2025-05-03,17:45:05,+02:00,2025-05-03T17:45:05+02:00,0,0
styles.css,220,css,5f6787a6,Darief Maes,2025-05-03,17:45:05,+02:00,2025-05-03T17:45:05+02:00,0,0
styles.css,221,css,5f6787a6,Darief Maes,2025-05-03,17:45:05,+02:00,2025-05-03T17:45:05+02:00,0,5
styles.css,222,css,5f6787a6,Darief Maes,2025-05-03,17:45:05,+02:00,2025-05-03T17:45:05+02:00,0,17
styles.css,223,css,5f6787a6,Darief Maes,2025-05-03,17:45:05,+02:00,2025-05-03T17:45:05+02:00,0,15
styles.css,224,css,5f6787a6,Darief Maes,2025-05-03,17:45:05,+02:00,2025-05-03T17:45:05+02:00,0,0
styles.css,225,css,5f6787a6,Darief Maes,2025-05-03,17:45:05,+02:00,2025-05-03T17:45:05+02:00,0,0
styles.css,226,css,5f6787a6,Darief Maes,2025-05-03,17:45:05,+02:00,2025-05-03T17:45:05+02:00,0,10
styles.css,227,css,5f6787a6,Darief Maes,2025-05-03,17:45:05,+02:00,2025-05-03T17:45:05+02:00,0,36
styles.css,228,css,5f6787a6,Darief Maes,2025-05-03,17:45:05,+02:00,2025-05-03T17:45:05+02:00,0,11
styles.css,229,css,5f6787a6,Darief Maes,2025-05-03,17:45:05,+02:00,2025-05-03T17:45:05+02:00,0,18
styles.css,230,css,5f6787a6,Darief Maes,2025-05-03,17:45:05,+02:00,2025-05-03T17:45:05+02:00,0,0
styles.css,231,css,5f6787a6,Darief Maes,2025-05-03,17:45:05,+02:00,2025-05-03T17:45:05+02:00,0,0
styles.css,232,css,5f6787a6,Darief Maes,2025-05-03,17:45:05,+02:00,2025-05-03T17:45:05+02:00,0,0
styles.css,233,css,5f6787a6,Darief Maes,2025-05-03,17:45:05,+02:00,2025-05-03T17:45:05+02:00,0,11
styles.css,234,css,5f6787a6,Darief Maes,2025-05-03,17:45:05,+02:00,2025-05-03T17:45:05+02:00,0,11
styles.css,235,css,5f6787a6,Darief Maes,2025-05-03,17:45:05,+02:00,2025-05-03T17:45:05+02:00,0,12
styles.css,236,css,5f6787a6,Darief Maes,2025-05-03,17:45:05,+02:00,2025-05-03T17:45:05+02:00,0,18
styles.css,237,css,5f6787a6,Darief Maes,2025-05-03,17:45:05,+02:00,2025-05-03T17:45:05+02:00,0,37
styles.css,238,css,5f6787a6,Darief Maes,2025-05-03,17:45:05,+02:00,2025-05-03T17:45:05+02:00,0,19
styles.css,239,css,5f6787a6,Darief Maes,2025-05-03,17:45:05,+02:00,2025-05-03T17:45:05+02:00,0,0
index.js,1,js,4dc96153,Darief Maes,2025-04-25,23:17:41,-07:00,2025-04-25T23:17:41-07:00,0,72
index.js,2,js,4dc96153,Darief Maes,2025-04-25,23:17:41,-07:00,2025-04-25T23:17:41-07:00,0,0
index.js,3,js,4dc96153,Darief Maes,2025-04-25,23:17:41,-07:00,2025-04-25T23:17:41-07:00,0,55
index.js,4,js,4dc96153,Darief Maes,2025-04-25,23:17:41,-07:00,2025-04-25T23:17:41-07:00,0,43
index.js,5,js,4dc96153,Darief Maes,2025-04-25,23:17:41,-07:00,2025-04-25T23:17:41-07:00,0,61
index.js,6,js,4dc96153,Darief Maes,2025-04-25,23:17:41,-07:00,2025-04-25T23:17:41-07:00,0,0
index.js,7,js,4dc96153,Darief Maes,2025-04-25,23:17:41,-07:00,2025-04-25T23:17:41-07:00,0,55
index.js,8,js,4dc96153,Darief Maes,2025-04-25,23:17:41,-07:00,2025-04-25T23:17:41-07:00,0,0
index.js,9,js,4dc96153,Darief Maes,2025-04-25,23:17:41,-07:00,2025-04-25T23:17:41-07:00,0,54
index.js,10,js,4dc96153,Darief Maes,2025-04-25,23:17:41,-07:00,2025-04-25T23:17:41-07:00,0,61
index.js,11,js,4dc96153,Darief Maes,2025-04-25,23:17:41,-07:00,2025-04-25T23:17:41-07:00,0,0
index.js,12,js,4dc96153,Darief Maes,2025-04-25,23:17:41,-07:00,2025-04-25T23:17:41-07:00,0,18
index.js,13,js,4dc96153,Darief Maes,2025-04-25,23:17:41,-07:00,2025-04-25T23:17:41-07:00,0,25
index.js,14,js,4dc96153,Darief Maes,2025-04-25,23:17:41,-07:00,2025-04-25T23:17:41-07:00,0,3
index.js,15,js,4dc96153,Darief Maes,2025-04-25,23:17:41,-07:00,2025-04-25T23:17:41-07:00,0,56
index.js,16,js,4dc96153,Darief Maes,2025-04-25,23:17:41,-07:00,2025-04-25T23:17:41-07:00,0,56
index.js,17,js,4dc96153,Darief Maes,2025-04-25,23:17:41,-07:00,2025-04-25T23:17:41-07:00,0,50
index.js,18,js,4dc96153,Darief Maes,2025-04-25,23:17:41,-07:00,2025-04-25T23:17:41-07:00,0,50
index.js,19,js,4dc96153,Darief Maes,2025-04-25,23:17:41,-07:00,2025-04-25T23:17:41-07:00,0,4
index.js,20,js,4dc96153,Darief Maes,2025-04-25,23:17:41,-07:00,2025-04-25T23:17:41-07:00,0,1
index.js,21,js,4dc96153,Darief Maes,2025-04-25,23:17:41,-07:00,2025-04-25T23:17:41-07:00,0,0
index.html,1,html,c374aade,Darief Maes,2025-04-04,19:51:08,-07:00,2025-04-04T19:51:08-07:00,0,14
index.html,2,html,c374aade,Darief Maes,2025-04-04,19:51:08,-07:00,2025-04-04T19:51:08-07:00,0,15
index.html,3,html,c374aade,Darief Maes,2025-04-04,19:51:08,-07:00,2025-04-04T19:51:08-07:00,0,5
index.html,4,html,c374aade,Darief Maes,2025-04-04,19:51:08,-07:00,2025-04-04T19:51:08-07:00,0,23
index.html,5,html,c374aade,Darief Maes,2025-04-04,19:51:08,-07:00,2025-04-04T19:51:08-07:00,0,71
index.html,6,html,5f1cc007,Darief Maes,2025-04-11,17:25:50,-07:00,2025-04-11T17:25:50-07:00,0,44
index.html,7,html,c374aade,Darief Maes,2025-04-04,19:51:08,-07:00,2025-04-04T19:51:08-07:00,0,54
index.html,8,html,225051d9,Darief Maes,2025-04-18,18:19:18,-07:00,2025-04-18T18:19:18-07:00,0,48
index.html,9,html,4dc96153,Darief Maes,2025-04-25,23:17:41,-07:00,2025-04-25T23:17:41-07:00,0,51
index.html,10,html,c374aade,Darief Maes,2025-04-04,19:51:08,-07:00,2025-04-04T19:51:08-07:00,0,6
index.html,11,html,c374aade,Darief Maes,2025-04-04,19:51:08,-07:00,2025-04-04T19:51:08-07:00,0,5
index.html,12,html,c374aade,Darief Maes,2025-04-04,19:51:08,-07:00,2025-04-04T19:51:08-07:00,0,19
index.html,13,html,c374aade,Darief Maes,2025-04-04,19:51:08,-07:00,2025-04-04T19:51:08-07:00,0,2
index.html,14,html,ef48d9a4,Darief Maes,2025-04-04,21:04:02,-07:00,2025-04-04T21:04:02-07:00,0,73
index.html,15,html,ef48d9a4,Darief Maes,2025-04-04,21:04:02,-07:00,2025-04-04T21:04:02-07:00,0,71
index.html,16,html,ef48d9a4,Darief Maes,2025-04-04,21:04:02,-07:00,2025-04-04T21:04:02-07:00,0,70
index.html,17,html,ef48d9a4,Darief Maes,2025-04-04,21:04:02,-07:00,2025-04-04T21:04:02-07:00,0,48
index.html,18,html,c374aade,Darief Maes,2025-04-04,19:51:08,-07:00,2025-04-04T19:51:08-07:00,0,3
index.html,19,html,ef48d9a4,Darief Maes,2025-04-04,21:04:02,-07:00,2025-04-04T21:04:02-07:00,0,3
index.html,20,html,ef48d9a4,Darief Maes,2025-04-04,21:04:02,-07:00,2025-04-04T21:04:02-07:00,0,12
index.html,21,html,ef48d9a4,Darief Maes,2025-04-04,21:04:02,-07:00,2025-04-04T21:04:02-07:00,0,26
index.html,22,html,ef48d9a4,Darief Maes,2025-04-04,21:04:02,-07:00,2025-04-04T21:04:02-07:00,0,57
index.html,23,html,ef48d9a4,Darief Maes,2025-04-04,21:04:02,-07:00,2025-04-04T21:04:02-07:00,0,1
index.html,24,html,4dc96153,Darief Maes,2025-04-25,23:17:41,-07:00,2025-04-25T23:17:41-07:00,0,23
index.html,25,html,4dc96153,Darief Maes,2025-04-25,23:17:41,-07:00,2025-04-25T23:17:41-07:00,0,27
index.html,26,html,4dc96153,Darief Maes,2025-04-25,23:17:41,-07:00,2025-04-25T23:17:41-07:00,0,23
index.html,27,html,4dc96153,Darief Maes,2025-04-25,23:17:41,-07:00,2025-04-25T23:17:41-07:00,0,29
index.html,28,html,c374aade,Darief Maes,2025-04-04,19:51:08,-07:00,2025-04-04T19:51:08-07:00,0,6
index.html,29,html,c374aade,Darief Maes,2025-04-04,19:51:08,-07:00,2025-04-04T19:51:08-07:00,0,6
index.html,30,html,ef48d9a4,Darief Maes,2025-04-04,21:04:02,-07:00,2025-04-04T21:04:02-07:00,0,54
global.js,1,js,225051d9,Darief Maes,2025-04-18,18:19:18,-07:00,2025-04-18T18:19:18-07:00,0,26
global.js,2,js,225051d9,Darief Maes,2025-04-18,18:19:18,-07:00,2025-04-18T18:19:18-07:00,0,0
global.js,3,js,225051d9,Darief Maes,2025-04-18,18:19:18,-07:00,2025-04-18T18:19:18-07:00,0,42
global.js,4,js,225051d9,Darief Maes,2025-04-18,18:19:18,-07:00,2025-04-18T18:19:18-07:00,0,53
global.js,5,js,225051d9,Darief Maes,2025-04-18,18:19:18,-07:00,2025-04-18T18:19:18-07:00,0,0
global.js,6,js,225051d9,Darief Maes,2025-04-18,18:19:18,-07:00,2025-04-18T18:19:18-07:00,0,0
global.js,7,js,225051d9,Darief Maes,2025-04-18,18:19:18,-07:00,2025-04-18T18:19:18-07:00,0,31
global.js,8,js,225051d9,Darief Maes,2025-04-18,18:19:18,-07:00,2025-04-18T18:19:18-07:00,0,34
global.js,9,js,225051d9,Darief Maes,2025-04-18,18:19:18,-07:00,2025-04-18T18:19:18-07:00,0,71
global.js,10,js,225051d9,Darief Maes,2025-04-18,18:19:18,-07:00,2025-04-18T18:19:18-07:00,0,4
global.js,11,js,225051d9,Darief Maes,2025-04-18,18:19:18,-07:00,2025-04-18T18:19:18-07:00,0,0
global.js,12,js,225051d9,Darief Maes,2025-04-18,18:19:18,-07:00,2025-04-18T18:19:18-07:00,0,20
global.js,13,js,225051d9,Darief Maes,2025-04-18,18:19:18,-07:00,2025-04-18T18:19:18-07:00,0,41
global.js,14,js,225051d9,Darief Maes,2025-04-18,18:19:18,-07:00,2025-04-18T18:19:18-07:00,0,3
global.js,15,js,225051d9,Darief Maes,2025-04-18,18:19:18,-07:00,2025-04-18T18:19:18-07:00,0,0
global.js,16,js,225051d9,Darief Maes,2025-04-18,18:19:18,-07:00,2025-04-18T18:19:18-07:00,0,16
global.js,17,js,225051d9,Darief Maes,2025-04-18,18:19:18,-07:00,2025-04-18T18:19:18-07:00,0,69
global.js,18,js,225051d9,Darief Maes,2025-04-18,18:19:18,-07:00,2025-04-18T18:19:18-07:00,0,4
global.js,19,js,08852b91,Darief Maes,2025-04-18,18:25:56,-07:00,2025-04-18T18:25:56-07:00,0,22
global.js,20,js,225051d9,Darief Maes,2025-04-18,18:19:18,-07:00,2025-04-18T18:19:18-07:00,0,0
global.js,21,js,225051d9,Darief Maes,2025-04-18,18:19:18,-07:00,2025-04-18T18:19:18-07:00,0,12
global.js,22,js,225051d9,Darief Maes,2025-04-18,18:19:18,-07:00,2025-04-18T18:19:18-07:00,0,26
global.js,23,js,225051d9,Darief Maes,2025-04-18,18:19:18,-07:00,2025-04-18T18:19:18-07:00,0,39
global.js,24,js,225051d9,Darief Maes,2025-04-18,18:19:18,-07:00,2025-04-18T18:19:18-07:00,0,35
global.js,25,js,225051d9,Darief Maes,2025-04-18,18:19:18,-07:00,2025-04-18T18:19:18-07:00,0,37
global.js,26,js,225051d9,Darief Maes,2025-04-18,18:19:18,-07:00,2025-04-18T18:19:18-07:00,0,57
global.js,27,js,225051d9,Darief Maes,2025-04-18,18:19:18,-07:00,2025-04-18T18:19:18-07:00,0,1
global.js,28,js,225051d9,Darief Maes,2025-04-18,18:19:18,-07:00,2025-04-18T18:19:18-07:00,0,0
global.js,29,js,225051d9,Darief Maes,2025-04-18,18:19:18,-07:00,2025-04-18T18:19:18-07:00,0,39
global.js,30,js,225051d9,Darief Maes,2025-04-18,18:19:18,-07:00,2025-04-18T18:19:18-07:00,0,26
global.js,31,js,225051d9,Darief Maes,2025-04-18,18:19:18,-07:00,2025-04-18T18:19:18-07:00,0,0
global.js,32,js,225051d9,Darief Maes,2025-04-18,18:19:18,-07:00,2025-04-18T18:19:18-07:00,0,21
global.js,33,js,225051d9,Darief Maes,2025-04-18,18:19:18,-07:00,2025-04-18T18:19:18-07:00,0,15
global.js,34,js,225051d9,Darief Maes,2025-04-18,18:19:18,-07:00,2025-04-18T18:19:18-07:00,0,19
global.js,35,js,225051d9,Darief Maes,2025-04-18,18:19:18,-07:00,2025-04-18T18:19:18-07:00,0,53
global.js,36,js,225051d9,Darief Maes,2025-04-18,18:19:18,-07:00,2025-04-18T18:19:18-07:00,0,16
global.js,37,js,225051d9,Darief Maes,2025-04-18,18:19:18,-07:00,2025-04-18T18:19:18-07:00,0,0
global.js,38,js,225051d9,Darief Maes,2025-04-18,18:19:18,-07:00,2025-04-18T18:19:18-07:00,0,35
global.js,39,js,225051d9,Darief Maes,2025-04-18,18:19:18,-07:00,2025-04-18T18:19:18-07:00,0,12
global.js,40,js,225051d9,Darief Maes,2025-04-18,18:19:18,-07:00,2025-04-18T18:19:18-07:00,0,21
global.js,41,js,225051d9,Darief Maes,2025-04-18,18:19:18,-07:00,2025-04-18T18:19:18-07:00,0,13
global.js,42,js,225051d9,Darief Maes,2025-04-18,18:19:18,-07:00,2025-04-18T18:19:18-07:00,0,0
global.js,43,js,225051d9,Darief Maes,2025-04-18,18:19:18,-07:00,2025-04-18T18:19:18-07:00,0,66
global.js,44,js,225051d9,Darief Maes,2025-04-18,18:19:18,-07:00,2025-04-18T18:19:18-07:00,0,26
global.js,45,js,225051d9,Darief Maes,2025-04-18,18:19:18,-07:00,2025-04-18T18:19:18-07:00,0,0
global.js,46,js,225051d9,Darief Maes,2025-04-18,18:19:18,-07:00,2025-04-18T18:19:18-07:00,0,0
global.js,47,js,225051d9,Darief Maes,2025-04-18,18:19:18,-07:00,2025-04-18T18:19:18-07:00,0,30
global.js,48,js,225051d9,Darief Maes,2025-04-18,18:19:18,-07:00,2025-04-18T18:19:18-07:00,0,19
global.js,49,js,225051d9,Darief Maes,2025-04-18,18:19:18,-07:00,2025-04-18T18:19:18-07:00,0,0
global.js,50,js,225051d9,Darief Maes,2025-04-18,18:19:18,-07:00,2025-04-18T18:19:18-07:00,0,0
global.js,51,js,225051d9,Darief Maes,2025-04-18,18:19:18,-07:00,2025-04-18T18:19:18-07:00,0,0
global.js,52,js,225051d9,Darief Maes,2025-04-18,18:19:18,-07:00,2025-04-18T18:19:18-07:00,0,32
global.js,53,js,225051d9,Darief Maes,2025-04-18,18:19:18,-07:00,2025-04-18T18:19:18-07:00,0,12
global.js,54,js,225051d9,Darief Maes,2025-04-18,18:19:18,-07:00,2025-04-18T18:19:18-07:00,0,0
global.js,55,js,225051d9,Darief Maes,2025-04-18,18:19:18,-07:00,2025-04-18T18:19:18-07:00,0,27
global.js,56,js,225051d9,Darief Maes,2025-04-18,18:19:18,-07:00,2025-04-18T18:19:18-07:00,0,5
global.js,57,js,225051d9,Darief Maes,2025-04-18,18:19:18,-07:00,2025-04-18T18:19:18-07:00,0,7
global.js,58,js,225051d9,Darief Maes,2025-04-18,18:19:18,-07:00,2025-04-18T18:19:18-07:00,0,44
global.js,59,js,225051d9,Darief Maes,2025-04-18,18:19:18,-07:00,2025-04-18T18:19:18-07:00,0,35
global.js,60,js,225051d9,Darief Maes,2025-04-18,18:19:18,-07:00,2025-04-18T18:19:18-07:00,0,33
global.js,61,js,225051d9,Darief Maes,2025-04-18,18:19:18,-07:00,2025-04-18T18:19:18-07:00,0,8
global.js,62,js,225051d9,Darief Maes,2025-04-18,18:19:18,-07:00,2025-04-18T18:19:18-07:00,0,7
global.js,63,js,225051d9,Darief Maes,2025-04-18,18:19:18,-07:00,2025-04-18T18:19:18-07:00,0,0
global.js,64,js,225051d9,Darief Maes,2025-04-18,18:19:18,-07:00,2025-04-18T18:19:18-07:00,0,1
global.js,65,js,225051d9,Darief Maes,2025-04-18,18:19:18,-07:00,2025-04-18T18:19:18-07:00,0,0
global.js,66,js,225051d9,Darief Maes,2025-04-18,18:19:18,-07:00,2025-04-18T18:19:18-07:00,0,47
global.js,67,js,225051d9,Darief Maes,2025-04-18,18:19:18,-07:00,2025-04-18T18:19:18-07:00,0,35
global.js,68,js,225051d9,Darief Maes,2025-04-18,18:19:18,-07:00,2025-04-18T18:19:18-07:00,0,71
global.js,69,js,225051d9,Darief Maes,2025-04-18,18:19:18,-07:00,2025-04-18T18:19:18-07:00,0,42
global.js,70,js,225051d9,Darief Maes,2025-04-18,18:19:18,-07:00,2025-04-18T18:19:18-07:00,0,14
global.js,71,js,225051d9,Darief Maes,2025-04-18,18:19:18,-07:00,2025-04-18T18:19:18-07:00,0,23
global.js,72,js,225051d9,Darief Maes,2025-04-18,18:19:18,-07:00,2025-04-18T18:19:18-07:00,0,1
global.js,73,js,225051d9,Darief Maes,2025-04-18,18:19:18,-07:00,2025-04-18T18:19:18-07:00,0,39
global.js,74,js,225051d9,Darief Maes,2025-04-18,18:19:18,-07:00,2025-04-18T18:19:18-07:00,0,0
global.js,75,js,225051d9,Darief Maes,2025-04-18,18:19:18,-07:00,2025-04-18T18:19:18-07:00,0,40
global.js,76,js,225051d9,Darief Maes,2025-04-18,18:19:18,-07:00,2025-04-18T18:19:18-07:00,0,54
global.js,77,js,225051d9,Darief Maes,2025-04-18,18:19:18,-07:00,2025-04-18T18:19:18-07:00,0,74
global.js,78,js,225051d9,Darief Maes,2025-04-18,18:19:18,-07:00,2025-04-18T18:19:18-07:00,0,41
global.js,79,js,225051d9,Darief Maes,2025-04-18,18:19:18,-07:00,2025-04-18T18:19:18-07:00,0,2
global.js,80,js,225051d9,Darief Maes,2025-04-18,18:19:18,-07:00,2025-04-18T18:19:18-07:00,0,0
global.js,81,js,225051d9,Darief Maes,2025-04-18,18:19:18,-07:00,2025-04-18T18:19:18-07:00,0,43
global.js,82,js,225051d9,Darief Maes,2025-04-18,18:19:18,-07:00,2025-04-18T18:19:18-07:00,0,40
global.js,83,js,225051d9,Darief Maes,2025-04-18,18:19:18,-07:00,2025-04-18T18:19:18-07:00,0,18
global.js,84,js,225051d9,Darief Maes,2025-04-18,18:19:18,-07:00,2025-04-18T18:19:18-07:00,0,31
global.js,85,js,225051d9,Darief Maes,2025-04-18,18:19:18,-07:00,2025-04-18T18:19:18-07:00,0,27
global.js,86,js,225051d9,Darief Maes,2025-04-18,18:19:18,-07:00,2025-04-18T18:19:18-07:00,0,29
global.js,87,js,225051d9,Darief Maes,2025-04-18,18:19:18,-07:00,2025-04-18T18:19:18-07:00,0,0
global.js,88,js,225051d9,Darief Maes,2025-04-18,18:19:18,-07:00,2025-04-18T18:19:18-07:00,0,42
global.js,89,js,225051d9,Darief Maes,2025-04-18,18:19:18,-07:00,2025-04-18T18:19:18-07:00,0,44
global.js,90,js,225051d9,Darief Maes,2025-04-18,18:19:18,-07:00,2025-04-18T18:19:18-07:00,0,46
global.js,91,js,225051d9,Darief Maes,2025-04-18,18:19:18,-07:00,2025-04-18T18:19:18-07:00,0,0
global.js,92,js,225051d9,Darief Maes,2025-04-18,18:19:18,-07:00,2025-04-18T18:19:18-07:00,0,0
global.js,93,js,225051d9,Darief Maes,2025-04-18,18:19:18,-07:00,2025-04-18T18:19:18-07:00,0,16
global.js,94,js,225051d9,Darief Maes,2025-04-18,18:19:18,-07:00,2025-04-18T18:19:18-07:00,0,0
global.js,95,js,225051d9,Darief Maes,2025-04-18,18:19:18,-07:00,2025-04-18T18:19:18-07:00,0,19
global.js,96,js,225051d9,Darief Maes,2025-04-18,18:19:18,-07:00,2025-04-18T18:19:18-07:00,0,2
global.js,97,js,4dc96153,Darief Maes,2025-04-25,23:17:41,-07:00,2025-04-25T23:17:41-07:00,0,0
global.js,98,js,4dc96153,Darief Maes,2025-04-25,23:17:41,-07:00,2025-04-25T23:17:41-07:00,0,37
global.js,99,js,4dc96153,Darief Maes,2025-04-25,23:17:41,-07:00,2025-04-25T23:17:41-07:00,0,4
global.js,100,js,4dc96153,Darief Maes,2025-04-25,23:17:41,-07:00,2025-04-25T23:17:41-07:00,0,33
global.js,101,js,4dc96153,Darief Maes,2025-04-25,23:17:41,-07:00,2025-04-25T23:17:41-07:00,0,18
global.js,102,js,4dc96153,Darief Maes,2025-04-25,23:17:41,-07:00,2025-04-25T23:17:41-07:00,0,67
global.js,103,js,4dc96153,Darief Maes,2025-04-25,23:17:41,-07:00,2025-04-25T23:17:41-07:00,0,0
global.js,104,js,4dc96153,Darief Maes,2025-04-25,23:17:41,-07:00,2025-04-25T23:17:41-07:00,0,34
global.js,105,js,4dc96153,Darief Maes,2025-04-25,23:17:41,-07:00,2025-04-25T23:17:41-07:00,0,11
global.js,106,js,4dc96153,Darief Maes,2025-04-25,23:17:41,-07:00,2025-04-25T23:17:41-07:00,0,16
global.js,107,js,4dc96153,Darief Maes,2025-04-25,23:17:41,-07:00,2025-04-25T23:17:41-07:00,0,60
global.js,108,js,4dc96153,Darief Maes,2025-04-25,23:17:41,-07:00,2025-04-25T23:17:41-07:00,0,0
global.js,109,js,4dc96153,Darief Maes,2025-04-25,23:17:41,-07:00,2025-04-25T23:17:41-07:00,0,0
global.js,110,js,4dc96153,Darief Maes,2025-04-25,23:17:41,-07:00,2025-04-25T23:17:41-07:00,0,0
global.js,111,js,4dc96153,Darief Maes,2025-04-25,23:17:41,-07:00,2025-04-25T23:17:41-07:00,0,79
global.js,112,js,4dc96153,Darief Maes,2025-04-25,23:17:41,-07:00,2025-04-25T23:17:41-07:00,0,23
global.js,113,js,4dc96153,Darief Maes,2025-04-25,23:17:41,-07:00,2025-04-25T23:17:41-07:00,0,6
global.js,114,js,4dc96153,Darief Maes,2025-04-25,23:17:41,-07:00,2025-04-25T23:17:41-07:00,0,0
global.js,115,js,4dc96153,Darief Maes,2025-04-25,23:17:41,-07:00,2025-04-25T23:17:41-07:00,0,0
global.js,116,js,4dc96153,Darief Maes,2025-04-25,23:17:41,-07:00,2025-04-25T23:17:41-07:00,0,53
global.js,117,js,4dc96153,Darief Maes,2025-04-25,23:17:41,-07:00,2025-04-25T23:17:41-07:00,0,38
global.js,118,js,4dc96153,Darief Maes,2025-04-25,23:17:41,-07:00,2025-04-25T23:17:41-07:00,0,55
global.js,119,js,4dc96153,Darief Maes,2025-04-25,23:17:41,-07:00,2025-04-25T23:17:41-07:00,0,19
global.js,120,js,4dc96153,Darief Maes,2025-04-25,23:17:41,-07:00,2025-04-25T23:17:41-07:00,0,0
global.js,121,js,4dc96153,Darief Maes,2025-04-25,23:17:41,-07:00,2025-04-25T23:17:41-07:00,0,0
global.js,122,js,4dc96153,Darief Maes,2025-04-25,23:17:41,-07:00,2025-04-25T23:17:41-07:00,0,31
global.js,123,js,4dc96153,Darief Maes,2025-04-25,23:17:41,-07:00,2025-04-25T23:17:41-07:00,0,37
global.js,124,js,4dc96153,Darief Maes,2025-04-25,23:17:41,-07:00,2025-04-25T23:17:41-07:00,0,56
global.js,125,js,4dc96153,Darief Maes,2025-04-25,23:17:41,-07:00,2025-04-25T23:17:41-07:00,0,6
global.js,126,js,4dc96153,Darief Maes,2025-04-25,23:17:41,-07:00,2025-04-25T23:17:41-07:00,0,0
global.js,127,js,4dc96153,Darief Maes,2025-04-25,23:17:41,-07:00,2025-04-25T23:17:41-07:00,0,0
global.js,128,js,4dc96153,Darief Maes,2025-04-25,23:17:41,-07:00,2025-04-25T23:17:41-07:00,0,55
global.js,129,js,4dc96153,Darief Maes,2025-04-25,23:17:41,-07:00,2025-04-25T23:17:41-07:00,0,11
global.js,130,js,4dc96153,Darief Maes,2025-04-25,23:17:41,-07:00,2025-04-25T23:17:41-07:00,0,48
global.js,131,js,4dc96153,Darief Maes,2025-04-25,23:17:41,-07:00,2025-04-25T23:17:41-07:00,0,0
global.js,132,js,4dc96153,Darief Maes,2025-04-25,23:17:41,-07:00,2025-04-25T23:17:41-07:00,0,0
global.js,133,js,4dc96153,Darief Maes,2025-04-25,23:17:41,-07:00,2025-04-25T23:17:41-07:00,0,23
global.js,134,js,4dc96153,Darief Maes,2025-04-25,23:17:41,-07:00,2025-04-25T23:17:41-07:00,0,49
global.js,135,js,4dc96153,Darief Maes,2025-04-25,23:17:41,-07:00,2025-04-25T23:17:41-07:00,0,20
global.js,136,js,4dc96153,Darief Maes,2025-04-25,23:17:41,-07:00,2025-04-25T23:17:41-07:00,0,66
global.js,137,js,4dc96153,Darief Maes,2025-04-25,23:17:41,-07:00,2025-04-25T23:17:41-07:00,0,60
global.js,138,js,5f6787a6,Darief Maes,2025-05-03,17:45:05,+02:00,2025-05-03T17:45:05+02:00,0,4
global.js,139,js,5f6787a6,Darief Maes,2025-05-03,17:45:05,+02:00,2025-05-03T17:45:05+02:00,0,51
global.js,140,js,5f6787a6,Darief Maes,2025-05-03,17:45:05,+02:00,2025-05-03T17:45:05+02:00,0,15
global.js,141,js,5f6787a6,Darief Maes,2025-05-03,17:45:05,+02:00,2025-05-03T17:45:05+02:00,0,7
global.js,142,js,4dc96153,Darief Maes,2025-04-25,23:17:41,-07:00,2025-04-25T23:17:41-07:00,0,37
global.js,143,js,4dc96153,Darief Maes,2025-04-25,23:17:41,-07:00,2025-04-25T23:17:41-07:00,0,0
global.js,144,js,4dc96153,Darief Maes,2025-04-25,23:17:41,-07:00,2025-04-25T23:17:41-07:00,0,0
global.js,145,js,4dc96153,Darief Maes,2025-04-25,23:17:41,-07:00,2025-04-25T23:17:41-07:00,0,0
global.js,146,js,4dc96153,Darief Maes,2025-04-25,23:17:41,-07:00,2025-04-25T23:17:41-07:00,0,48
global.js,147,js,4dc96153,Darief Maes,2025-04-25,23:17:41,-07:00,2025-04-25T23:17:41-07:00,0,60
global.js,148,js,4dc96153,Darief Maes,2025-04-25,23:17:41,-07:00,2025-04-25T23:17:41-07:00,0,0
resume/index.html,1,html,ef48d9a4,Darief Maes,2025-04-04,21:04:02,-07:00,2025-04-04T21:04:02-07:00,0,14
resume/index.html,2,html,ef48d9a4,Darief Maes,2025-04-04,21:04:02,-07:00,2025-04-04T21:04:02-07:00,0,15
resume/index.html,3,html,ef48d9a4,Darief Maes,2025-04-04,21:04:02,-07:00,2025-04-04T21:04:02-07:00,0,5
resume/index.html,4,html,ef48d9a4,Darief Maes,2025-04-04,21:04:02,-07:00,2025-04-04T21:04:02-07:00,0,23
resume/index.html,5,html,ef48d9a4,Darief Maes,2025-04-04,21:04:02,-07:00,2025-04-04T21:04:02-07:00,0,71
resume/index.html,6,html,ef48d9a4,Darief Maes,2025-04-04,21:04:02,-07:00,2025-04-04T21:04:02-07:00,0,20
resume/index.html,7,html,5f1cc007,Darief Maes,2025-04-11,17:25:50,-07:00,2025-04-11T17:25:50-07:00,0,45
resume/index.html,8,html,225051d9,Darief Maes,2025-04-18,18:19:18,-07:00,2025-04-18T18:19:18-07:00,0,49
resume/index.html,9,html,ef48d9a4,Darief Maes,2025-04-04,21:04:02,-07:00,2025-04-04T21:04:02-07:00,0,6
resume/index.html,10,html,ef48d9a4,Darief Maes,2025-04-04,21:04:02,-07:00,2025-04-04T21:04:02-07:00,0,5
resume/index.html,11,html,225051d9,Darief Maes,2025-04-18,18:19:18,-07:00,2025-04-18T18:19:18-07:00,0,0
resume/index.html,12,html,8e35f8b8,Darief Maes,2025-04-11,17:44:17,-07:00,2025-04-11T17:44:17-07:00,0,29
resume/index.html,13,html,ef48d9a4,Darief Maes,2025-04-04,21:04:02,-07:00,2025-04-04T21:04:02-07:00,0,19
resume/index.html,14,html,ef48d9a4,Darief Maes,2025-04-04,21:04:02,-07:00,2025-04-04T21:04:02-07:00,0,42
resume/index.html,15,html,ef48d9a4,Darief Maes,2025-04-04,21:04:02,-07:00,2025-04-04T21:04:02-07:00,0,8
resume/index.html,16,html,ef48d9a4,Darief Maes,2025-04-04,21:04:02,-07:00,2025-04-04T21:04:02-07:00,0,8
resume/index.html,17,html,ef48d9a4,Darief Maes,2025-04-04,21:04:02,-07:00,2025-04-04T21:04:02-07:00,0,17
resume/index.html,18,html,5f1cc007,Darief Maes,2025-04-11,17:25:50,-07:00,2025-04-11T17:25:50-07:00,0,23
resume/index.html,19,html,ef48d9a4,Darief Maes,2025-04-04,21:04:02,-07:00,2025-04-04T21:04:02-07:00,0,7
resume/index.html,20,html,8e35f8b8,Darief Maes,2025-04-11,17:44:17,-07:00,2025-04-11T17:44:17-07:00,0,4
resume/index.html,21,html,8e35f8b8,Darief Maes,2025-04-11,17:44:17,-07:00,2025-04-11T17:44:17-07:00,0,43
resume/index.html,22,html,8e35f8b8,Darief Maes,2025-04-11,17:44:17,-07:00,2025-04-11T17:44:17-07:00,0,0
resume/index.html,23,html,8e35f8b8,Darief Maes,2025-04-11,17:44:17,-07:00,2025-04-11T17:44:17-07:00,0,45
resume/index.html,24,html,8e35f8b8,Darief Maes,2025-04-11,17:44:17,-07:00,2025-04-11T17:44:17-07:00,0,5
resume/index.html,25,html,ef48d9a4,Darief Maes,2025-04-04,21:04:02,-07:00,2025-04-04T21:04:02-07:00,0,2
resume/index.html,26,html,ef48d9a4,Darief Maes,2025-04-04,21:04:02,-07:00,2025-04-04T21:04:02-07:00,0,40
resume/index.html,27,html,ef48d9a4,Darief Maes,2025-04-04,21:04:02,-07:00,2025-04-04T21:04:02-07:00,0,5
resume/index.html,28,html,ef48d9a4,Darief Maes,2025-04-04,21:04:02,-07:00,2025-04-04T21:04:02-07:00,0,17
resume/index.html,29,html,ef48d9a4,Darief Maes,2025-04-04,21:04:02,-07:00,2025-04-04T21:04:02-07:00,0,3
resume/index.html,30,html,ef48d9a4,Darief Maes,2025-04-04,21:04:02,-07:00,2025-04-04T21:04:02-07:00,0,8
resume/index.html,31,html,ef48d9a4,Darief Maes,2025-04-04,21:04:02,-07:00,2025-04-04T21:04:02-07:00,0,9
resume/index.html,32,html,ef48d9a4,Darief Maes,2025-04-04,21:04:02,-07:00,2025-04-04T21:04:02-07:00,0,9
resume/index.html,33,html,ef48d9a4,Darief Maes,2025-04-04,21:04:02,-07:00,2025-04-04T21:04:02-07:00,0,0
resume/index.html,34,html,ef48d9a4,Darief Maes,2025-04-04,21:04:02,-07:00,2025-04-04T21:04:02-07:00,0,8
resume/index.html,35,html,ef48d9a4,Darief Maes,2025-04-04,21:04:02,-07:00,2025-04-04T21:04:02-07:00,0,18
resume/index.html,36,html,5f1cc007,Darief Maes,2025-04-11,17:25:50,-07:00,2025-04-11T17:25:50-07:00,0,23
resume/index.html,37,html,ef48d9a4,Darief Maes,2025-04-04,21:04:02,-07:00,2025-04-04T21:04:02-07:00,0,7
resume/index.html,38,html,8e35f8b8,Darief Maes,2025-04-11,17:44:17,-07:00,2025-04-11T17:44:17-07:00,0,4
resume/index.html,39,html,8e35f8b8,Darief Maes,2025-04-11,17:44:17,-07:00,2025-04-11T17:44:17-07:00,0,0
resume/index.html,40,html,8e35f8b8,Darief Maes,2025-04-11,17:44:17,-07:00,2025-04-11T17:44:17-07:00,0,24
resume/index.html,41,html,8e35f8b8,Darief Maes,2025-04-11,17:44:17,-07:00,2025-04-11T17:44:17-07:00,0,39
resume/index.html,42,html,8e35f8b8,Darief Maes,2025-04-11,17:44:17,-07:00,2025-04-11T17:44:17-07:00,0,5
resume/index.html,43,html,ef48d9a4,Darief Maes,2025-04-04,21:04:02,-07:00,2025-04-04T21:04:02-07:00,0,14
resume/index.html,44,html,ef48d9a4,Darief Maes,2025-04-04,21:04:02,-07:00,2025-04-04T21:04:02-07:00,0,8
resume/index.html,45,html,ef48d9a4,Darief Maes,2025-04-04,21:04:02,-07:00,2025-04-04T21:04:02-07:00,0,3
resume/index.html,46,html,ef48d9a4,Darief Maes,2025-04-04,21:04:02,-07:00,2025-04-04T21:04:02-07:00,0,3
resume/index.html,47,html,ef48d9a4,Darief Maes,2025-04-04,21:04:02,-07:00,2025-04-04T21:04:02-07:00,0,59
resume/index.html,48,html,ef48d9a4,Darief Maes,2025-04-04,21:04:02,-07:00,2025-04-04T21:04:02-07:00,0,55
resume/index.html,49,html,ef48d9a4,Darief Maes,2025-04-04,21:04:02,-07:00,2025-04-04T21:04:02-07:00,0,50
resume/index.html,50,html,ef48d9a4,Darief Maes,2025-04-04,21:04:02,-07:00,2025-04-04T21:04:02-07:00,0,4
resume/index.html,51,html,ef48d9a4,Darief Maes,2025-04-04,21:04:02,-07:00,2025-04-04T21:04:02-07:00,0,3
resume/index.html,52,html,ef48d9a4,Darief Maes,2025-04-04,21:04:02,-07:00,2025-04-04T21:04:02-07:00,0,67
resume/index.html,53,html,ef48d9a4,Darief Maes,2025-04-04,21:04:02,-07:00,2025-04-04T21:04:02-07:00,0,48
resume/index.html,54,html,ef48d9a4,Darief Maes,2025-04-04,21:04:02,-07:00,2025-04-04T21:04:02-07:00,0,4
resume/index.html,55,html,ef48d9a4,Darief Maes,2025-04-04,21:04:02,-07:00,2025-04-04T21:04:02-07:00,0,4
resume/index.html,56,html,ef48d9a4,Darief Maes,2025-04-04,21:04:02,-07:00,2025-04-04T21:04:02-07:00,0,9
resume/index.html,57,html,5f1cc007,Darief Maes,2025-04-11,17:25:50,-07:00,2025-04-11T17:25:50-07:00,0,23
resume/index.html,58,html,ef48d9a4,Darief Maes,2025-04-04,21:04:02,-07:00,2025-04-04T21:04:02-07:00,0,7
resume/index.html,59,html,8e35f8b8,Darief Maes,2025-04-11,17:44:17,-07:00,2025-04-11T17:44:17-07:00,0,4
resume/index.html,60,html,8e35f8b8,Darief Maes,2025-04-11,17:44:17,-07:00,2025-04-11T17:44:17-07:00,0,0
resume/index.html,61,html,8e35f8b8,Darief Maes,2025-04-11,17:44:17,-07:00,2025-04-11T17:44:17-07:00,0,18
resume/index.html,62,html,8e35f8b8,Darief Maes,2025-04-11,17:44:17,-07:00,2025-04-11T17:44:17-07:00,0,0
resume/index.html,63,html,8e35f8b8,Darief Maes,2025-04-11,17:44:17,-07:00,2025-04-11T17:44:17-07:00,0,0
resume/index.html,64,html,8e35f8b8,Darief Maes,2025-04-11,17:44:17,-07:00,2025-04-11T17:44:17-07:00,0,48
resume/index.html,65,html,8e35f8b8,Darief Maes,2025-04-11,17:44:17,-07:00,2025-04-11T17:44:17-07:00,0,0
resume/index.html,66,html,8e35f8b8,Darief Maes,2025-04-11,17:44:17,-07:00,2025-04-11T17:44:17-07:00,0,0
resume/index.html,67,html,8e35f8b8,Darief Maes,2025-04-11,17:44:17,-07:00,2025-04-11T17:44:17-07:00,0,5
resume/index.html,68,html,ef48d9a4,Darief Maes,2025-04-04,21:04:02,-07:00,2025-04-04T21:04:02-07:00,0,15
resume/index.html,69,html,ef48d9a4,Darief Maes,2025-04-04,21:04:02,-07:00,2025-04-04T21:04:02-07:00,0,8
resume/index.html,70,html,ef48d9a4,Darief Maes,2025-04-04,21:04:02,-07:00,2025-04-04T21:04:02-07:00,0,3
resume/index.html,71,html,ef48d9a4,Darief Maes,2025-04-04,21:04:02,-07:00,2025-04-04T21:04:02-07:00,0,3
resume/index.html,72,html,ef48d9a4,Darief Maes,2025-04-04,21:04:02,-07:00,2025-04-04T21:04:02-07:00,0,66
resume/index.html,73,html,ef48d9a4,Darief Maes,2025-04-04,21:04:02,-07:00,2025-04-04T21:04:02-07:00,0,65
resume/index.html,74,html,ef48d9a4,Darief Maes,2025-04-04,21:04:02,-07:00,2025-04-04T21:04:02-07:00,0,23
resume/index.html,75,html,ef48d9a4,Darief Maes,2025-04-04,21:04:02,-07:00,2025-04-04T21:04:02-07:00,0,4
resume/index.html,76,html,ef48d9a4,Darief Maes,2025-04-04,21:04:02,-07:00,2025-04-04T21:04:02-07:00,0,3
resume/index.html,77,html,ef48d9a4,Darief Maes,2025-04-04,21:04:02,-07:00,2025-04-04T21:04:02-07:00,0,60
resume/index.html,78,html,ef48d9a4,Darief Maes,2025-04-04,21:04:02,-07:00,2025-04-04T21:04:02-07:00,0,67
resume/index.html,79,html,ef48d9a4,Darief Maes,2025-04-04,21:04:02,-07:00,2025-04-04T21:04:02-07:00,0,55
resume/index.html,80,html,ef48d9a4,Darief Maes,2025-04-04,21:04:02,-07:00,2025-04-04T21:04:02-07:00,0,4
resume/index.html,81,html,ef48d9a4,Darief Maes,2025-04-04,21:04:02,-07:00,2025-04-04T21:04:02-07:00,0,3
resume/index.html,82,html,ef48d9a4,Darief Maes,2025-04-04,21:04:02,-07:00,2025-04-04T21:04:02-07:00,0,62
resume/index.html,83,html,ef48d9a4,Darief Maes,2025-04-04,21:04:02,-07:00,2025-04-04T21:04:02-07:00,0,29
resume/index.html,84,html,ef48d9a4,Darief Maes,2025-04-04,21:04:02,-07:00,2025-04-04T21:04:02-07:00,0,4
resume/index.html,85,html,ef48d9a4,Darief Maes,2025-04-04,21:04:02,-07:00,2025-04-04T21:04:02-07:00,0,4
resume/index.html,86,html,ef48d9a4,Darief Maes,2025-04-04,21:04:02,-07:00,2025-04-04T21:04:02-07:00,0,9
resume/index.html,87,html,ef48d9a4,Darief Maes,2025-04-04,21:04:02,-07:00,2025-04-04T21:04:02-07:00,0,9
resume/index.html,88,html,ef48d9a4,Darief Maes,2025-04-04,21:04:02,-07:00,2025-04-04T21:04:02-07:00,0,8
resume/index.html,89,html,5f1cc007,Darief Maes,2025-04-11,17:25:50,-07:00,2025-04-11T17:25:50-07:00,0,20
resume/index.html,90,html,5f1cc007,Darief Maes,2025-04-11,17:25:50,-07:00,2025-04-11T17:25:50-07:00,0,23
resume/index.html,91,html,5f1cc007,Darief Maes,2025-04-11,17:25:50,-07:00,2025-04-11T17:25:50-07:00,0,3
resume/index.html,92,html,5f1cc007,Darief Maes,2025-04-11,17:25:50,-07:00,2025-04-11T17:25:50-07:00,0,53
resume/index.html,93,html,5f1cc007,Darief Maes,2025-04-11,17:25:50,-07:00,2025-04-11T17:25:50-07:00,0,71
resume/index.html,94,html,5f1cc007,Darief Maes,2025-04-11,17:25:50,-07:00,2025-04-11T17:25:50-07:00,0,3
resume/index.html,95,html,5f1cc007,Darief Maes,2025-04-11,17:25:50,-07:00,2025-04-11T17:25:50-07:00,0,66
resume/index.html,96,html,5f1cc007,Darief Maes,2025-04-11,17:25:50,-07:00,2025-04-11T17:25:50-07:00,0,4
resume/index.html,97,html,5f1cc007,Darief Maes,2025-04-11,17:25:50,-07:00,2025-04-11T17:25:50-07:00,0,4
resume/index.html,98,html,5f1cc007,Darief Maes,2025-04-11,17:25:50,-07:00,2025-04-11T17:25:50-07:00,0,0
resume/index.html,99,html,5f1cc007,Darief Maes,2025-04-11,17:25:50,-07:00,2025-04-11T17:25:50-07:00,0,9
resume/index.html,100,html,ef48d9a4,Darief Maes,2025-04-04,21:04:02,-07:00,2025-04-04T21:04:02-07:00,0,9
resume/index.html,101,html,ef48d9a4,Darief Maes,2025-04-04,21:04:02,-07:00,2025-04-04T21:04:02-07:00,0,8
resume/index.html,102,html,ef48d9a4,Darief Maes,2025-04-04,21:04:02,-07:00,2025-04-04T21:04:02-07:00,0,14
resume/index.html,103,html,5f1cc007,Darief Maes,2025-04-11,17:25:50,-07:00,2025-04-11T17:25:50-07:00,0,23
resume/index.html,104,html,5f1cc007,Darief Maes,2025-04-11,17:25:50,-07:00,2025-04-11T17:25:50-07:00,0,0
resume/index.html,105,html,5f1cc007,Darief Maes,2025-04-11,17:25:50,-07:00,2025-04-11T17:25:50-07:00,0,3
resume/index.html,106,html,5f1cc007,Darief Maes,2025-04-11,17:25:50,-07:00,2025-04-11T17:25:50-07:00,0,33
resume/index.html,107,html,5f1cc007,Darief Maes,2025-04-11,17:25:50,-07:00,2025-04-11T17:25:50-07:00,0,39
resume/index.html,108,html,5f1cc007,Darief Maes,2025-04-11,17:25:50,-07:00,2025-04-11T17:25:50-07:00,0,24
resume/index.html,109,html,5f1cc007,Darief Maes,2025-04-11,17:25:50,-07:00,2025-04-11T17:25:50-07:00,0,19
resume/index.html,110,html,5f1cc007,Darief Maes,2025-04-11,17:25:50,-07:00,2025-04-11T17:25:50-07:00,0,4
resume/index.html,111,html,5f1cc007,Darief Maes,2025-04-11,17:25:50,-07:00,2025-04-11T17:25:50-07:00,0,9
resume/index.html,112,html,ef48d9a4,Darief Maes,2025-04-04,21:04:02,-07:00,2025-04-04T21:04:02-07:00,0,6
resume/index.html,113,html,ef48d9a4,Darief Maes,2025-04-04,21:04:02,-07:00,2025-04-04T21:04:02-07:00,0,6
projects/projects.js,1,js,4dc96153,Darief Maes,2025-04-25,23:17:41,-07:00,2025-04-25T23:17:41-07:00,0,56
projects/projects.js,2,js,5f6787a6,Darief Maes,2025-05-03,17:45:05,+02:00,2025-05-03T17:45:05+02:00,0,64
projects/projects.js,3,js,4dc96153,Darief Maes,2025-04-25,23:17:41,-07:00,2025-04-25T23:17:41-07:00,0,0
projects/projects.js,4,js,4dc96153,Darief Maes,2025-04-25,23:17:41,-07:00,2025-04-25T23:17:41-07:00,0,56
projects/projects.js,5,js,4dc96153,Darief Maes,2025-04-25,23:17:41,-07:00,2025-04-25T23:17:41-07:00,0,0
projects/projects.js,6,js,4dc96153,Darief Maes,2025-04-25,23:17:41,-07:00,2025-04-25T23:17:41-07:00,0,61
projects/projects.js,7,js,4dc96153,Darief Maes,2025-04-25,23:17:41,-07:00,2025-04-25T23:17:41-07:00,0,0
projects/projects.js,8,js,4dc96153,Darief Maes,2025-04-25,23:17:41,-07:00,2025-04-25T23:17:41-07:00,0,49
projects/projects.js,9,js,5f6787a6,Darief Maes,2025-05-03,17:45:05,+02:00,2025-05-03T17:45:05+02:00,0,0
projects/projects.js,10,js,5f6787a6,Darief Maes,2025-05-03,17:45:05,+02:00,2025-05-03T17:45:05+02:00,0,23
projects/projects.js,11,js,5f6787a6,Darief Maes,2025-05-03,17:45:05,+02:00,2025-05-03T17:45:05+02:00,0,21
projects/projects.js,12,js,5f6787a6,Darief Maes,2025-05-03,17:45:05,+02:00,2025-05-03T17:45:05+02:00,0,14
projects/projects.js,13,js,5f6787a6,Darief Maes,2025-05-03,17:45:05,+02:00,2025-05-03T17:45:05+02:00,0,0
projects/projects.js,14,js,5f6787a6,Darief Maes,2025-05-03,17:45:05,+02:00,2025-05-03T17:45:05+02:00,0,58
projects/projects.js,15,js,5f6787a6,Darief Maes,2025-05-03,17:45:05,+02:00,2025-05-03T17:45:05+02:00,0,39
projects/projects.js,16,js,5f6787a6,Darief Maes,2025-05-03,17:45:05,+02:00,2025-05-03T17:45:05+02:00,0,27
projects/projects.js,17,js,5f6787a6,Darief Maes,2025-05-03,17:45:05,+02:00,2025-05-03T17:45:05+02:00,0,13
projects/projects.js,18,js,5f6787a6,Darief Maes,2025-05-03,17:45:05,+02:00,2025-05-03T17:45:05+02:00,0,15
projects/projects.js,19,js,5f6787a6,Darief Maes,2025-05-03,17:45:05,+02:00,2025-05-03T17:45:05+02:00,0,12
projects/projects.js,20,js,5f6787a6,Darief Maes,2025-05-03,17:45:05,+02:00,2025-05-03T17:45:05+02:00,0,1
projects/projects.js,21,js,5f6787a6,Darief Maes,2025-05-03,17:45:05,+02:00,2025-05-03T17:45:05+02:00,0,0
projects/projects.js,22,js,5f6787a6,Darief Maes,2025-05-03,17:45:05,+02:00,2025-05-03T17:45:05+02:00,0,49
projects/projects.js,23,js,5f6787a6,Darief Maes,2025-05-03,17:45:05,+02:00,2025-05-03T17:45:05+02:00,0,36
projects/projects.js,24,js,5f6787a6,Darief Maes,2025-05-03,17:45:05,+02:00,2025-05-03T17:45:05+02:00,0,2
projects/projects.js,25,js,5f6787a6,Darief Maes,2025-05-03,17:45:05,+02:00,2025-05-03T17:45:05+02:00,0,0
projects/projects.js,26,js,5f6787a6,Darief Maes,2025-05-03,17:45:05,+02:00,2025-05-03T17:45:05+02:00,0,51
projects/projects.js,27,js,5f6787a6,Darief Maes,2025-05-03,17:45:05,+02:00,2025-05-03T17:45:05+02:00,0,42
projects/projects.js,28,js,5f6787a6,Darief Maes,2025-05-03,17:45:05,+02:00,2025-05-03T17:45:05+02:00,0,46
projects/projects.js,29,js,5f6787a6,Darief Maes,2025-05-03,17:45:05,+02:00,2025-05-03T17:45:05+02:00,0,0
projects/projects.js,30,js,5f6787a6,Darief Maes,2025-05-03,17:45:05,+02:00,2025-05-03T17:45:05+02:00,0,48
projects/projects.js,31,js,5f6787a6,Darief Maes,2025-05-03,17:45:05,+02:00,2025-05-03T17:45:05+02:00,0,0
projects/projects.js,32,js,5f6787a6,Darief Maes,2025-05-03,17:45:05,+02:00,2025-05-03T17:45:05+02:00,0,26
projects/projects.js,33,js,5f6787a6,Darief Maes,2025-05-03,17:45:05,+02:00,2025-05-03T17:45:05+02:00,0,30
projects/projects.js,34,js,5f6787a6,Darief Maes,2025-05-03,17:45:05,+02:00,2025-05-03T17:45:05+02:00,0,27
projects/projects.js,35,js,5f6787a6,Darief Maes,2025-05-03,17:45:05,+02:00,2025-05-03T17:45:05+02:00,0,34
projects/projects.js,36,js,5f6787a6,Darief Maes,2025-05-03,17:45:05,+02:00,2025-05-03T17:45:05+02:00,0,0
projects/projects.js,37,js,5f6787a6,Darief Maes,2025-05-03,17:45:05,+02:00,2025-05-03T17:45:05+02:00,0,2
projects/projects.js,38,js,5f6787a6,Darief Maes,2025-05-03,17:45:05,+02:00,2025-05-03T17:45:05+02:00,0,14
projects/projects.js,39,js,5f6787a6,Darief Maes,2025-05-03,17:45:05,+02:00,2025-05-03T17:45:05+02:00,0,14
projects/projects.js,40,js,5f6787a6,Darief Maes,2025-05-03,17:45:05,+02:00,2025-05-03T17:45:05+02:00,0,25
projects/projects.js,41,js,5f6787a6,Darief Maes,2025-05-03,17:45:05,+02:00,2025-05-03T17:45:05+02:00,0,54
projects/projects.js,42,js,5f6787a6,Darief Maes,2025-05-03,17:45:05,+02:00,2025-05-03T17:45:05+02:00,0,19
projects/projects.js,43,js,5f6787a6,Darief Maes,2025-05-03,17:45:05,+02:00,2025-05-03T17:45:05+02:00,0,50
projects/projects.js,44,js,5f6787a6,Darief Maes,2025-05-03,17:45:05,+02:00,2025-05-03T17:45:05+02:00,0,0
projects/projects.js,45,js,5f6787a6,Darief Maes,2025-05-03,17:45:05,+02:00,2025-05-03T17:45:05+02:00,0,52
projects/projects.js,46,js,5f6787a6,Darief Maes,2025-05-03,17:45:05,+02:00,2025-05-03T17:45:05+02:00,0,40
projects/projects.js,47,js,5f6787a6,Darief Maes,2025-05-03,17:45:05,+02:00,2025-05-03T17:45:05+02:00,0,10
projects/projects.js,48,js,5f6787a6,Darief Maes,2025-05-03,17:45:05,+02:00,2025-05-03T17:45:05+02:00,0,13
projects/projects.js,49,js,5f6787a6,Darief Maes,2025-05-03,17:45:05,+02:00,2025-05-03T17:45:05+02:00,0,30
projects/projects.js,50,js,5f6787a6,Darief Maes,2025-05-03,17:45:05,+02:00,2025-05-03T17:45:05+02:00,0,69
projects/projects.js,51,js,5f6787a6,Darief Maes,2025-05-03,17:45:05,+02:00,2025-05-03T17:45:05+02:00,0,34
projects/projects.js,52,js,5f6787a6,Darief Maes,2025-05-03,17:45:05,+02:00,2025-05-03T17:45:05+02:00,0,2
projects/projects.js,53,js,5f6787a6,Darief Maes,2025-05-03,17:45:05,+02:00,2025-05-03T17:45:05+02:00,0,0
projects/projects.js,54,js,5f6787a6,Darief Maes,2025-05-03,17:45:05,+02:00,2025-05-03T17:45:05+02:00,0,57
projects/projects.js,55,js,5f6787a6,Darief Maes,2025-05-03,17:45:05,+02:00,2025-05-03T17:45:05+02:00,0,32
projects/projects.js,56,js,5f6787a6,Darief Maes,2025-05-03,17:45:05,+02:00,2025-05-03T17:45:05+02:00,0,2
projects/projects.js,57,js,5f6787a6,Darief Maes,2025-05-03,17:45:05,+02:00,2025-05-03T17:45:05+02:00,0,2
projects/projects.js,58,js,5f6787a6,Darief Maes,2025-05-03,17:45:05,+02:00,2025-05-03T17:45:05+02:00,0,0
projects/projects.js,59,js,5f6787a6,Darief Maes,2025-05-03,17:45:05,+02:00,2025-05-03T17:45:05+02:00,0,33
projects/projects.js,60,js,5f6787a6,Darief Maes,2025-05-03,17:45:05,+02:00,2025-05-03T17:45:05+02:00,0,30
projects/projects.js,61,js,5f6787a6,Darief Maes,2025-05-03,17:45:05,+02:00,2025-05-03T17:45:05+02:00,0,33
projects/projects.js,62,js,5f6787a6,Darief Maes,2025-05-03,17:45:05,+02:00,2025-05-03T17:45:05+02:00,0,5
projects/projects.js,63,js,5f6787a6,Darief Maes,2025-05-03,17:45:05,+02:00,2025-05-03T17:45:05+02:00,0,12
projects/projects.js,64,js,5f6787a6,Darief Maes,2025-05-03,17:45:05,+02:00,2025-05-03T17:45:05+02:00,0,39
projects/projects.js,65,js,5f6787a6,Darief Maes,2025-05-03,17:45:05,+02:00,2025-05-03T17:45:05+02:00,0,5
projects/projects.js,66,js,5f6787a6,Darief Maes,2025-05-03,17:45:05,+02:00,2025-05-03T17:45:05+02:00,0,7
projects/projects.js,67,js,5f6787a6,Darief Maes,2025-05-03,17:45:05,+02:00,2025-05-03T17:45:05+02:00,0,64
projects/projects.js,68,js,5f6787a6,Darief Maes,2025-05-03,17:45:05,+02:00,2025-05-03T17:45:05+02:00,0,0
projects/projects.js,69,js,5f6787a6,Darief Maes,2025-05-03,17:45:05,+02:00,2025-05-03T17:45:05+02:00,0,70
projects/projects.js,70,js,5f6787a6,Darief Maes,2025-05-03,17:45:05,+02:00,2025-05-03T17:45:05+02:00,0,2
projects/projects.js,71,js,5f6787a6,Darief Maes,2025-05-03,17:45:05,+02:00,2025-05-03T17:45:05+02:00,0,0
projects/projects.js,72,js,5f6787a6,Darief Maes,2025-05-03,17:45:05,+02:00,2025-05-03T17:45:05+02:00,0,0
projects/projects.js,73,js,5f6787a6,Darief Maes,2025-05-03,17:45:05,+02:00,2025-05-03T17:45:05+02:00,0,54
projects/projects.js,74,js,5f6787a6,Darief Maes,2025-05-03,17:45:05,+02:00,2025-05-03T17:45:05+02:00,0,0
projects/projects.js,75,js,5f6787a6,Darief Maes,2025-05-03,17:45:05,+02:00,2025-05-03T17:45:05+02:00,0,24
projects/projects.js,76,js,5f6787a6,Darief Maes,2025-05-03,17:45:05,+02:00,2025-05-03T17:45:05+02:00,0,0
projects/projects.js,77,js,5f6787a6,Darief Maes,2025-05-03,17:45:05,+02:00,2025-05-03T17:45:05+02:00,0,45
projects/projects.js,78,js,5f6787a6,Darief Maes,2025-05-03,17:45:05,+02:00,2025-05-03T17:45:05+02:00,0,22
projects/projects.js,79,js,5f6787a6,Darief Maes,2025-05-03,17:45:05,+02:00,2025-05-03T17:45:05+02:00,0,0
projects/projects.js,80,js,5f6787a6,Darief Maes,2025-05-03,17:45:05,+02:00,2025-05-03T17:45:05+02:00,0,52
projects/projects.js,81,js,5f6787a6,Darief Maes,2025-05-03,17:45:05,+02:00,2025-05-03T17:45:05+02:00,0,40
projects/projects.js,82,js,5f6787a6,Darief Maes,2025-05-03,17:45:05,+02:00,2025-05-03T17:45:05+02:00,0,10
projects/projects.js,83,js,5f6787a6,Darief Maes,2025-05-03,17:45:05,+02:00,2025-05-03T17:45:05+02:00,0,13
projects/projects.js,84,js,5f6787a6,Darief Maes,2025-05-03,17:45:05,+02:00,2025-05-03T17:45:05+02:00,0,30
projects/projects.js,85,js,5f6787a6,Darief Maes,2025-05-03,17:45:05,+02:00,2025-05-03T17:45:05+02:00,0,69
projects/projects.js,86,js,5f6787a6,Darief Maes,2025-05-03,17:45:05,+02:00,2025-05-03T17:45:05+02:00,0,34
projects/projects.js,87,js,5f6787a6,Darief Maes,2025-05-03,17:45:05,+02:00,2025-05-03T17:45:05+02:00,0,2
projects/projects.js,88,js,5f6787a6,Darief Maes,2025-05-03,17:45:05,+02:00,2025-05-03T17:45:05+02:00,0,0
projects/projects.js,89,js,5f6787a6,Darief Maes,2025-05-03,17:45:05,+02:00,2025-05-03T17:45:05+02:00,0,57
projects/projects.js,90,js,5f6787a6,Darief Maes,2025-05-03,17:45:05,+02:00,2025-05-03T17:45:05+02:00,0,32
projects/projects.js,91,js,5f6787a6,Darief Maes,2025-05-03,17:45:05,+02:00,2025-05-03T17:45:05+02:00,0,2
projects/index.html,1,html,ef48d9a4,Darief Maes,2025-04-04,21:04:02,-07:00,2025-04-04T21:04:02-07:00,0,14
projects/index.html,2,html,ef48d9a4,Darief Maes,2025-04-04,21:04:02,-07:00,2025-04-04T21:04:02-07:00,0,15
projects/index.html,3,html,ef48d9a4,Darief Maes,2025-04-04,21:04:02,-07:00,2025-04-04T21:04:02-07:00,0,5
projects/index.html,4,html,ef48d9a4,Darief Maes,2025-04-04,21:04:02,-07:00,2025-04-04T21:04:02-07:00,0,23
projects/index.html,5,html,ef48d9a4,Darief Maes,2025-04-04,21:04:02,-07:00,2025-04-04T21:04:02-07:00,0,71
projects/index.html,6,html,ef48d9a4,Darief Maes,2025-04-04,21:04:02,-07:00,2025-04-04T21:04:02-07:00,0,22
projects/index.html,7,html,5f1cc007,Darief Maes,2025-04-11,17:25:50,-07:00,2025-04-11T17:25:50-07:00,0,45
projects/index.html,8,html,225051d9,Darief Maes,2025-04-18,18:19:18,-07:00,2025-04-18T18:19:18-07:00,0,49
projects/index.html,9,html,4dc96153,Darief Maes,2025-04-25,23:17:41,-07:00,2025-04-25T23:17:41-07:00,0,50
projects/index.html,10,html,ef48d9a4,Darief Maes,2025-04-04,21:04:02,-07:00,2025-04-04T21:04:02-07:00,0,6
projects/index.html,11,html,ef48d9a4,Darief Maes,2025-04-04,21:04:02,-07:00,2025-04-04T21:04:02-07:00,0,5
projects/index.html,12,html,4dc96153,Darief Maes,2025-04-25,23:17:41,-07:00,2025-04-25T23:17:41-07:00,0,39
projects/index.html,13,html,5f6787a6,Darief Maes,2025-05-03,17:45:05,+02:00,2025-05-03T17:45:05+02:00,0,22
projects/index.html,14,html,5f6787a6,Darief Maes,2025-05-03,17:45:05,+02:00,2025-05-03T17:45:05+02:00,0,59
projects/index.html,15,html,5f6787a6,Darief Maes,2025-05-03,17:45:05,+02:00,2025-05-03T17:45:05+02:00,0,23
projects/index.html,16,html,5f6787a6,Darief Maes,2025-05-03,17:45:05,+02:00,2025-05-03T17:45:05+02:00,0,5
projects/index.html,17,html,5f6787a6,Darief Maes,2025-05-03,17:45:05,+02:00,2025-05-03T17:45:05+02:00,0,5
projects/index.html,18,html,5f6787a6,Darief Maes,2025-05-03,17:45:05,+02:00,2025-05-03T17:45:05+02:00,0,16
projects/index.html,19,html,5f6787a6,Darief Maes,2025-05-03,17:45:05,+02:00,2025-05-03T17:45:05+02:00,0,12
projects/index.html,20,html,5f6787a6,Darief Maes,2025-05-03,17:45:05,+02:00,2025-05-03T17:45:05+02:00,0,27
projects/index.html,21,html,5f6787a6,Darief Maes,2025-05-03,17:45:05,+02:00,2025-05-03T17:45:05+02:00,0,32
projects/index.html,22,html,5f6787a6,Darief Maes,2025-05-03,17:45:05,+02:00,2025-05-03T17:45:05+02:00,0,1
projects/index.html,23,html,4dc96153,Darief Maes,2025-04-25,23:17:41,-07:00,2025-04-25T23:17:41-07:00,0,27
projects/index.html,24,html,ef48d9a4,Darief Maes,2025-04-04,21:04:02,-07:00,2025-04-04T21:04:02-07:00,0,6
projects/index.html,25,html,ef48d9a4,Darief Maes,2025-04-04,21:04:02,-07:00,2025-04-04T21:04:02-07:00,0,6
contact/index.html,1,html,ef48d9a4,Darief Maes,2025-04-04,21:04:02,-07:00,2025-04-04T21:04:02-07:00,0,14
contact/index.html,2,html,ef48d9a4,Darief Maes,2025-04-04,21:04:02,-07:00,2025-04-04T21:04:02-07:00,0,15
contact/index.html,3,html,ef48d9a4,Darief Maes,2025-04-04,21:04:02,-07:00,2025-04-04T21:04:02-07:00,0,5
contact/index.html,4,html,ef48d9a4,Darief Maes,2025-04-04,21:04:02,-07:00,2025-04-04T21:04:02-07:00,0,23
contact/index.html,5,html,ef48d9a4,Darief Maes,2025-04-04,21:04:02,-07:00,2025-04-04T21:04:02-07:00,0,71
contact/index.html,6,html,ef48d9a4,Darief Maes,2025-04-04,21:04:02,-07:00,2025-04-04T21:04:02-07:00,0,21
contact/index.html,7,html,5f1cc007,Darief Maes,2025-04-11,17:25:50,-07:00,2025-04-11T17:25:50-07:00,0,45
contact/index.html,8,html,225051d9,Darief Maes,2025-04-18,18:19:18,-07:00,2025-04-18T18:19:18-07:00,0,49
contact/index.html,9,html,ef48d9a4,Darief Maes,2025-04-04,21:04:02,-07:00,2025-04-04T21:04:02-07:00,0,6
contact/index.html,10,html,ef48d9a4,Darief Maes,2025-04-04,21:04:02,-07:00,2025-04-04T21:04:02-07:00,0,5
contact/index.html,11,html,ef48d9a4,Darief Maes,2025-04-04,21:04:02,-07:00,2025-04-04T21:04:02-07:00,0,15
contact/index.html,12,html,225051d9,Darief Maes,2025-04-18,18:19:18,-07:00,2025-04-18T18:19:18-07:00,0,55
contact/index.html,13,html,ef48d9a4,Darief Maes,2025-04-04,21:04:02,-07:00,2025-04-04T21:04:02-07:00,0,5
contact/index.html,14,html,ef48d9a4,Darief Maes,2025-04-04,21:04:02,-07:00,2025-04-04T21:04:02-07:00,0,8
contact/index.html,15,html,ef48d9a4,Darief Maes,2025-04-04,21:04:02,-07:00,2025-04-04T21:04:02-07:00,0,0
contact/index.html,16,html,ef48d9a4,Darief Maes,2025-04-04,21:04:02,-07:00,2025-04-04T21:04:02-07:00,0,32
contact/index.html,17,html,ef48d9a4,Darief Maes,2025-04-04,21:04:02,-07:00,2025-04-04T21:04:02-07:00,0,7
contact/index.html,18,html,5f1cc007,Darief Maes,2025-04-11,17:25:50,-07:00,2025-04-11T17:25:50-07:00,0,0
contact/index.html,19,html,ef48d9a4,Darief Maes,2025-04-04,21:04:02,-07:00,2025-04-04T21:04:02-07:00,0,5
contact/index.html,20,html,ef48d9a4,Darief Maes,2025-04-04,21:04:02,-07:00,2025-04-04T21:04:02-07:00,0,8
contact/index.html,21,html,ef48d9a4,Darief Maes,2025-04-04,21:04:02,-07:00,2025-04-04T21:04:02-07:00,0,0
contact/index.html,22,html,ef48d9a4,Darief Maes,2025-04-04,21:04:02,-07:00,2025-04-04T21:04:02-07:00,0,41
contact/index.html,23,html,ef48d9a4,Darief Maes,2025-04-04,21:04:02,-07:00,2025-04-04T21:04:02-07:00,0,7
contact/index.html,24,html,5f1cc007,Darief Maes,2025-04-11,17:25:50,-07:00,2025-04-11T17:25:50-07:00,0,0
contact/index.html,25,html,ef48d9a4,Darief Maes,2025-04-04,21:04:02,-07:00,2025-04-04T21:04:02-07:00,0,20
contact/index.html,26,html,ef48d9a4,Darief Maes,2025-04-04,21:04:02,-07:00,2025-04-04T21:04:02-07:00,0,6
contact/index.html,27,html,ef48d9a4,Darief Maes,2025-04-04,21:04:02,-07:00,2025-04-04T21:04:02-07:00,0,6
contact/index.html,28,html,ef48d9a4,Darief Maes,2025-04-04,21:04:02,-07:00,2025-04-04T21:04:02-07:00,0,6
